molregno,standard_value_get_mean,standard_units_get_levels,standard_type_get_levels,chembl_id_compound_get_levels,canonical_smiles_get_levels,act_0,act_1,act_2,act_3,act_4
581814,109.0,nM,Kd,CHEMBL1751,C[C@H]1O[C@@H](O[C@H]2[C@@H](O)C[C@H](O[C@H]3[C@@H](O)C[C@H](O[C@H]4CC[C@]5(C)[C@H]6C[C@@H](O)[C@]7(C)[C@@H](C8=CC(=O)OC8)CC[C@]7(O)[C@@H]6CC[C@@H]5C4)O[C@@H]3C)O[C@@H]2C)C[C@H](O)[C@@H]1O,109.0,,,,
1780717,4.2,nM,Kd,CHEMBL3314001,CC(C)(C)NS(=O)(=O)c1ccc(-c2sc(C(=O)N3CC4(CCS(=O)(=O)CC4)C3)nc2CC2CCCCC2)c2ccccc12,4.2,,,,
1780718,0.05,nM,Kd,CHEMBL3314002,CCC(C)(C)NS(=O)(=O)c1ccc(-c2sc(C(=O)N[C@H]3C[C@H](C(=O)O)C3)nc2CC2CCCCC2)c(Cl)c1C,0.05,,,,
1786551,18.0,nM,Kd,CHEMBL3325741,Cn1cncc1C(O)(c1ccc(Cl)cc1)c1ccc2nc(Cl)c(Cc3ccccc3)c(Cl)c2c1,18.0,,,,
1786552,0.83,nM,Kd,CHEMBL3325742,OC(c1ccncc1)(c1ccc2nc(Cl)c(Cc3ccc(Cl)cc3)c(Cl)c2c1)c1cncs1,0.83,,,,
1786553,2.84,nM,Kd,CHEMBL3325743,Cn1cncc1C(O)(c1ccc(C(F)(F)F)nc1)c1ccc2nc(C#N)c(Cc3ccc(-n4cccn4)cc3)c(C#N)c2c1,0.71,7.1,,,
1822614,19.016000000000002,nM,Kd,CHEMBL3358455,COc1nc2ccc(C(O)(c3sc(C)nc3C)c3cnnn3C)cc2c(Cl)c1Cc1ccc(C(F)(F)F)cc1,0.024,57.0,,,
1832341,1600.0,nM,Kd,CHEMBL3402133,CC(CCO)N(C)C(=O)CCCN1c2ccccc2N(Cc2ccc(C(O)(C(F)(F)F)C(F)(F)F)cc2)S1(=O)=O,1600.0,,,,
1832342,480.0,nM,Kd,CHEMBL3402134,COc1cccc(CN(C)C(=O)CCCN2c3ccccc3N(Cc3ccc(C(O)(C(F)(F)F)C(F)(F)F)cc3)S2(=O)=O)c1,480.0,,,,
1832343,2400.0,nM,Kd,CHEMBL3402135,Cc1ccccc1CN(C)C(=O)CCCN1c2ccccc2N(Cc2ccc(C(O)(C(F)(F)F)C(F)(F)F)cc2)S1(=O)=O,2400.0,,,,
1832344,10000.0,nM,Kd,CHEMBL3402136,O=C(CCCN1c2ccccc2N(Cc2ccc(C(O)(C(F)(F)F)C(F)(F)F)cc2)S1(=O)=O)N1CCCC1,10000.0,,,,
1832345,1600.0,nM,Kd,CHEMBL3402137,CC(C)C(=O)N1CCC(CN2c3ccccc3N(Cc3ccc(C(O)(C(F)(F)F)C(F)(F)F)cc3)S2(=O)=O)CC1,1600.0,,,,
1832346,450.0,nM,Kd,CHEMBL3402138,CCC(=O)N1CCCC(CN2c3ccccc3N(Cc3ccc(C(O)(C(F)(F)F)C(F)(F)F)cc3)S2(=O)=O)C1,450.0,,,,
1832347,1500.0,nM,Kd,CHEMBL3402139,CCC(CC)c1ccc(CN2c3ccccc3N(CCCC(=O)N3CCCC3)S2(=O)=O)cc1,1500.0,,,,
1832348,4600.0,nM,Kd,CHEMBL3402140,CC(C)c1ccc(CN2c3ccccc3N(CCCC(=O)N3CCCC3)S2(=O)=O)cc1,4600.0,,,,
1832349,10000.0,nM,Kd,CHEMBL3402141,O=C(CCCN1c2ccccc2N(Cc2ccc(C(O)C(F)(F)F)cc2)S1(=O)=O)N1CCCC1,10000.0,,,,
1832350,2700.0,nM,Kd,CHEMBL3402142,O=C(CCCN1c2ccccc2N(Cc2ccccc2)S1(=O)=O)N1CCCC1,2700.0,,,,
2099522,710.0,nM,Kd,CHEMBL3890151,CCN(CC)c1nc2ccc(C(O)(c3ccc(Cl)cc3)c3cncn3C)cc2c(Cl)c1N(C(=O)OC(C)(C)C)c1ccccc1,710.0,,,,
2099651,49.0,nM,Kd,CHEMBL3890280,COc1nc2ccc(C(O)(c3ccc(F)cc3)c3cn(C)cn3)cc2c(Cl)c1Cc1ccc(-n2cccn2)cc1,49.0,,,,
2100509,2.7,nM,Kd,CHEMBL3891138,CCOc1nc2ccc(C(O)(c3ccc(OC)nc3)c3cncs3)cc2c(Cl)c1Cc1ccccc1,2.7,,,,
2101638,0.83,nM,Kd,CHEMBL3892267,OC(c1cccnc1)(c1ccc2nc(Cl)c(Cc3ccc(Cl)cc3)c(Cl)c2c1)c1cncs1,0.83,,,,
2102032,4.3,nM,Kd,CHEMBL3892661,Cn1cncc1C(O)(c1ccc2nc(Cl)c(Cc3ccc(-n4cccn4)cc3)c(Cl)c2c1)c1cncs1,4.3,,,,
2102649,890.0,nM,Kd,CHEMBL3893278,Cn1cncc1C(O)(c1ccc2nc(Cl)c(-c3ccccc3)c(Cl)c2c1)C1CC1,890.0,,,,
2103435,6.1,nM,Kd,CHEMBL3894064,COc1ccc(C(O)(c2ccc3nc(Cl)c(Cc4ccc(-n5cccn5)cc4)c(Cl)c3c2)c2cncn2C)cn1,6.1,,,,
2104150,0.44,nM,Kd,CHEMBL3894779,CCc1nc2ccc(C(O)(c3cnnn3C)C3CN(C(C)=O)C3)cc2c(Cl)c1Cc1ccc(C(F)(F)F)cc1,0.32,0.44,0.56,,
2105558,431.5,nM,Kd,CHEMBL3896187,COc1nc2ccc(C(O)(c3ccc(F)cc3)c3cncn3C)cc2c(Cl)c1Cc1ccc(S(C)(=O)=O)cc1,23.0,840.0,,,
2105768,29.0,nM,Kd,CHEMBL3896397,COc1ccc(C(O)(c2cccnc2)c2ccc3nc(OC)c(Cc4ccc(-n5cccn5)cc4)c(Cl)c3c2)cc1OC,29.0,,,,
2105950,11.375,nM,Kd,CHEMBL3896579,COc1nc2ccc(C(O)(c3ccc(C(F)(F)F)nc3)c3cncn3C)cc2c(Cl)c1Cc1ccc(C(F)(F)F)cc1,1.5,9.5,33.0,,
2106566,14.066666666666668,nM,Kd,CHEMBL3897195,Cn1cncc1C(O)(c1ccc(Cl)cc1)c1ccc2nc(N3CCC3)c(Oc3ccc(C#N)cc3)c(Cl)c2c1,3.3,6.9,32.0,,
2107163,31.0,nM,Kd,CHEMBL3897792,CN(C)c1nc2ccc(C(O)(c3ccc(Cl)cc3)c3cncn3C)cc2c(Cl)c1Oc1ccccc1,31.0,,,,
2107599,134.33333333333334,nM,Kd,CHEMBL3898228,COc1nc2ccc(C(C)(O)c3cnnn3C)cc2c(Cl)c1Cc1ccc(C(F)(F)F)cc1,36.0,77.0,290.0,,
2107903,31.0,nM,Kd,CHEMBL3898532,COc1ccc(Cc2c(OC)nc3ccc(C(O)(c4ccc(Cl)cc4)c4cncn4C)cc3c2Cl)cc1,31.0,,,,
2108236,26.0,nM,Kd,CHEMBL3898865,Cn1cncc1C(O)(c1ccc(Cl)cc1)c1ccc2nc(C#N)c(Oc3ccc(F)cc3)c(Cl)c2c1,26.0,,,,
2108243,11.0,nM,Kd,CHEMBL3898872,OC(c1cccnc1)(c1cccc(Cl)c1)c1ccc2nc(Cl)c(Cc3ccc(-n4cccn4)cc3)c(Cl)c2c1,11.0,,,,
2109510,49.95,nM,Kd,CHEMBL3900139,N#Cc1nc2ccc(C(O)(c3ccc(C(F)(F)F)nc3)c3cnc[nH]3)cc2c(C#N)c1Oc1ccccc1,2.9,97.0,,,
2109578,5.3,nM,Kd,CHEMBL3900207,Cn1cncc1C(O)(c1ccc(C(F)(F)F)nc1)c1ccc2nc(N3CCC3)c(Cc3ccc(C(F)(F)F)cc3)c(Cl)c2c1,1.4,2.5,12.0,,
2110783,38.833333333333336,nM,Kd,CHEMBL3901412,COc1nc2ccc(C(O)(c3ccc(C(F)(F)F)nc3)c3cncn3C)cc2c(Cl)c1Cc1ccc(C(F)(F)F)nc1,6.5,12.0,98.0,,
2111001,43.0,nM,Kd,CHEMBL3901630,CS(=O)(=O)c1ccc(Cc2c(Cl)nc3ccc(C(O)(c4cccnc4)c4cccc(Cl)c4)cc3c2Cl)cc1,43.0,,,,
2111352,201.66666666666666,nM,Kd,CHEMBL3901981,CCOc1nc2ccc(C(O)(c3ccc(Cl)cc3)c3cncn3C)cc2c(Cl)c1Oc1ccccc1,41.0,84.0,480.0,,
2111625,620.0,nM,Kd,CHEMBL3902254,CC(C)C(O)(c1ccc2nc(Cl)c(-c3ccccc3)c(Cl)c2c1)c1cncn1C,620.0,,,,
2111707,15.0,nM,Kd,CHEMBL3902336,COc1ccc(Cc2c(Cl)nc3ccc(C(O)(c4cccnc4)c4cccc(Cl)c4)cc3c2Cl)cc1,15.0,,,,
2112135,170.66666666666666,nM,Kd,CHEMBL3902764,COc1nc2ccc(C(C)(O)c3cnc(C)n3C)cc2c(Cl)c1Cc1ccc(C(F)(F)F)cc1,15.0,27.0,470.0,,
2112659,22.0,nM,Kd,CHEMBL3903288,CCOc1nc2ccc(C(O)(c3ccc(C(F)(F)F)nc3)c3cncn3C)cc2c(Cl)c1Oc1ccc(F)cc1,10.0,22.0,34.0,,
2114091,140.0,nM,Kd,CHEMBL3904720,COc1ccc(C(O)(c2cccnc2)c2ccc3nc(Cl)c(Cc4ccc(-n5cccn5)cc4)c(Cl)c3c2)cc1,140.0,,,,
2114432,53.666666666666664,nM,Kd,CHEMBL3905061,CCOc1nc2ccc(C(O)(c3ccc(C(F)(F)F)nc3)c3cncn3C)cc2c(C(F)(F)F)c1Oc1ccc(Cl)cc1,20.0,61.0,80.0,,
2115025,80.335,nM,Kd,CHEMBL3905654,COc1nc2ccc(C(O)(c3ccc(C)nc3C)c3cnnn3C)cc2c(Cl)c1Cc1ccc(C(F)(F)F)cc1,0.1,0.14,1.1,320.0,
2115909,110.0,nM,Kd,CHEMBL3906538,Cn1cncc1C(O)(c1ccc(Cl)cc1)c1ccc2nc(Cl)c(Oc3ccccc3)c(Cl)c2c1,110.0,,,,
2116889,820.0,nM,Kd,CHEMBL3907518,CCN(c1ccccc1)c1c(Cl)nc2ccc(C(O)(c3cccnc3)c3cccc(Cl)c3)cc2c1Cl,820.0,,,,
2117587,136.66666666666666,nM,Kd,CHEMBL3908216,COc1nc2ccc(C(C)(O)c3oc(C)nc3C)cc2c(Cl)c1Cc1ccc(C(F)(F)F)cc1,130.0,140.0,,,
2119885,0.09200000000000001,nM,Kd,CHEMBL3910514,COc1nc2ccc(C(O)(c3cnnn3C)c3cnc(C)n3C)cc2c(Cl)c1Cc1ccc(C(F)(F)F)cc1,0.026,0.11,0.14,,
2119983,496.3333333333333,nM,Kd,CHEMBL3910612,CCN(CC)c1nc2ccc(C(O)(c3ccc(C(F)(F)F)nc3)c3cncn3C)cc2c(C(F)(F)F)c1Oc1ccc(Cl)cc1,14.0,75.0,1400.0,,
2121293,142.0,nM,Kd,CHEMBL3911922,COc1nc2c(F)cc(C(O)(c3ccc(C(F)(F)F)nc3)c3cncn3C)cc2c(Cl)c1Cc1ccc(-n2cccn2)cc1,14.0,270.0,,,
2121952,50.333333333333336,nM,Kd,CHEMBL3912581,COc1nc2ccc(C(C)(O)c3ccc(C)nc3C)cc2c(Cl)c1Cc1ccc(C(F)(F)F)cc1,21.0,59.0,71.0,,
2121989,1.1466666666666667,nM,Kd,CHEMBL3912618,COc1nc2ccc(C(O)(c3cnnn3C)C3CN(C(C)=O)C3)cc2c(Cl)c1Cc1ccc(C(F)(F)F)cc1,0.64,1.4,,,
2122790,32.0,nM,Kd,CHEMBL3913419,OC(c1cccnc1)(c1cccc(Cl)c1)c1ccc2nc(Cl)c(Cc3ccc(F)cc3)c(Cl)c2c1,32.0,,,,
2123467,91.0,nM,Kd,CHEMBL3914096,CCOc1nc2ccc(C(O)(c3ccc(Cl)cc3)c3cncn3C)cc2c(Cl)c1Cc1ccccc1,91.0,,,,
2126128,99.0,nM,Kd,CHEMBL3916757,OC(c1cccnc1)(c1ccc2nc(Cl)c(Cc3cccc(Cl)c3)cc2c1)c1cncs1,99.0,,,,
2130534,750.0,nM,Kd,CHEMBL3921163,CCOc1nc2ccc(C(O)(c3cncs3)c3cncn3C)cc2cc1Cc1ccc(OC)cc1,750.0,,,,
2130765,2.6,nM,Kd,CHEMBL3921394,COc1ccc(C(O)(c2ccc3nc(OC)c(Cc4ccc(-n5cccn5)cc4)c(Cl)c3c2)c2cncs2)cn1,1.4,3.8,,,
2130860,7.7,nM,Kd,CHEMBL3921489,OC(c1cccnc1)(c1cccc(Cl)c1)c1ccc2nc(Cl)c(Cc3cccc(Cl)c3)c(Cl)c2c1,7.7,,,,
2131458,18.0,nM,Kd,CHEMBL3922087,COCCN(C)c1nc2ccc(C(O)(c3ccc(C(F)(F)F)nc3)c3cncn3C)cc2c(Cl)c1Oc1ccccc1,18.0,,,,
2132124,0.77,nM,Kd,CHEMBL3922753,CCc1nc2ccc(C(O)(c3cnnn3C)C3CN(C(=O)OC(C)(C)C)C3)cc2c(Cl)c1Cc1ccc(C(F)(F)F)cc1,0.77,,,,
2132200,440.0,nM,Kd,CHEMBL3922829,CN(C)c1ccc(C(O)(c2ccc3nc(Cl)c(Cc4ccc(-n5cccn5)cc4)c(Cl)c3c2)c2cncn2C)cc1,440.0,,,,
2132798,34.0,nM,Kd,CHEMBL3923427,CCN(CC)c1nc2ccc(C(O)(c3cccnc3)c3cccc(Cl)c3)cc2c(Cl)c1Oc1ccccc1,34.0,,,,
2133368,112.2,nM,Kd,CHEMBL3923997,COc1nc2c(OC)cc(C(O)(c3ccc(C(F)(F)F)nc3)c3cncn3C)cc2c(Cl)c1Cc1ccc(-n2cccn2)cc1,4.4,220.0,,,
2134180,520.0,nM,Kd,CHEMBL3924809,CCC(O)(c1ccc2nc(Cl)c(-c3ccccc3)c(Cl)c2c1)c1cc(C)no1,520.0,,,,
2134476,12.85,nM,Kd,CHEMBL3925105,COc1nc2ccc(C(O)(c3ccc(Cl)cc3)c3cncn3C)cc2c(Cl)c1Cc1ccc(C(F)(F)F)cc1,7.7,18.0,,,
2134514,4.5,nM,Kd,CHEMBL3925143,COc1ccc(C(O)(c2ccc3nc(Cl)c(Cc4ccccc4)c(Cl)c3c2)c2cncs2)cn1,4.5,,,,
2135253,4.1,nM,Kd,CHEMBL3925882,COc1ccc(C(O)(c2ccc3nc(N(C)C)c(Oc4ccccc4)c(Cl)c3c2)c2cncn2C)cn1,4.1,,,,
2135651,33.0,nM,Kd,CHEMBL3926280,OC(c1cccnc1)(c1cccc(Cl)c1)c1ccc2nc(Cl)c(Cc3cccs3)c(Cl)c2c1,33.0,,,,
2136381,8.4,nM,Kd,CHEMBL3927010,COc1nc2c(C)cc(C(O)(c3cncn3C)c3cncn3C)cc2c(Cl)c1Cc1ccc(S(C)(=O)=O)cc1,8.4,,,,
2136537,4.0,nM,Kd,CHEMBL3927166,Cn1cncc1C(O)(c1ccc(C(F)(F)F)nc1)c1ccc2nc(Cl)c(Cc3ccc(-n4cccn4)cc3)c(Cl)c2c1,4.0,,,,
2136672,176.33333333333334,nM,Kd,CHEMBL3927301,COc1nc2ccc(C(O)(c3ccc(Cl)cc3)c3cncn3C)cc2c(Cl)c1Cc1ccc(-n2cncn2)cc1,16.0,63.0,450.0,,
2136881,430.0,nM,Kd,CHEMBL3927510,CC(C)N(c1ccccc1)c1c(Cl)nc2ccc(C(O)(c3ccc(Cl)cc3)c3cncn3C)cc2c1Cl,430.0,,,,
2137564,30700.0,nM,Kd,CHEMBL3928193,Cn1cncc1C(O)(c1ccc(Cl)cc1)c1ccc2nc(O)c(Cc3ccc(-n4cccn4)cc3)c(Cl)c2c1,3500.0,7600.0,81000.0,,
2138114,40.0,nM,Kd,CHEMBL3928743,COc1nc2ccc(C(O)(c3cccnc3)c3cccc(Cl)c3)cc2c(Cl)c1Cc1ccc(F)cc1,40.0,,,,
2138728,0.017,nM,Kd,CHEMBL3929357,COc1nc2ccc(C(O)(c3cnc(C)n3C)c3cnc(C)n3C)cc2c(Cl)c1Cc1ccc(C(F)(F)F)cc1,0.017,,,,
2139601,1100.0,nM,Kd,CHEMBL3930230,CCCCC(O)(c1ccc2nc(Cl)c(-c3ccccc3)c(Cl)c2c1)c1cncn1C,1100.0,,,,
2141083,2.1933333333333334,nM,Kd,CHEMBL3931712,CCc1nc2ccc(C(O)(c3cnnn3C)C3CN(S(C)(=O)=O)C3)cc2c(Cl)c1Cc1ccc(C(F)(F)F)cc1,0.23,0.25,6.1,,
2142445,4.2,nM,Kd,CHEMBL3933074,Cn1cncc1C(O)(c1ccc(C(F)(F)F)nc1)c1ccc2nc(C#N)c(Oc3ccc(Cl)cc3)c(C(F)(F)F)c2c1,4.2,,,,
2143020,37.0,nM,Kd,CHEMBL3933649,COc1nc2ccc(C(O)(c3ccc(C(F)(F)F)nc3)c3cncn3C)cc2c(Cl)c1Cc1ccc(S(C)(=O)=O)cc1,37.0,,,,
2143868,32.0,nM,Kd,CHEMBL3934497,CCOc1nc2ccc(C(O)(c3cccnc3)c3cccc(Cl)c3)cc2c(Cl)c1N(C)c1ccccc1,32.0,,,,
2144261,40.666666666666664,nM,Kd,CHEMBL3934890,CCN(CC)c1nc2ccc(C(O)(c3ccc(C(F)(F)F)nc3)c3cncn3C)cc2c(Cl)c1Oc1ccc(F)cc1,8.0,33.0,81.0,,
2144878,150.33333333333334,nM,Kd,CHEMBL3935507,COc1nc2ccc(C(O)(c3ccc(Cl)cc3)c3cncn3C)cc2c(Cl)c1Cc1cc2ccccc2s1,11.0,40.0,400.0,,
2146088,6.6,nM,Kd,CHEMBL3936717,CCOc1nc2ccc(C(O)(c3cncs3)c3cncn3C)cc2c(Cl)c1Cc1ccc(-n2cccn2)cc1,6.6,,,,
2146607,34.233333333333334,nM,Kd,CHEMBL3937236,COc1nc2c(C)cc(C(O)(c3ccc(C(F)(F)F)nc3)c3cncn3C)cc2c(Cl)c1Cc1ccc(-n2cccn2)cc1,4.8,4.9,93.0,,
2149796,5.7,nM,Kd,CHEMBL3940425,Cn1cncc1C(O)(c1ccc(Cl)cc1)c1ccc2nc(C#N)c(Oc3ccccc3)c(C#N)c2c1,5.7,,,,
2151782,132.0,nM,Kd,CHEMBL3942411,CCN(CC)c1nc2ccc(C(O)(c3ccc(Cl)cc3)c3cncn3C)cc2c(Cl)c1Oc1ccccc1,17.0,59.0,320.0,,
2152184,193.0,nM,Kd,CHEMBL3942813,C#CC(O)(c1ccc2nc(OC)c(Cc3ccc(C(F)(F)F)cc3)c(Cl)c2c1)C1CN(C(C)=O)C1,49.0,230.0,300.0,,
2153834,3.9,nM,Kd,CHEMBL3944463,COc1nc2ccc(C(O)(c3ccc(F)cc3)C3CCN(C(C)=O)CC3)cc2c(Cl)c1Cc1ccc(-n2cccn2)cc1,3.9,,,,
2154458,390.0,nM,Kd,CHEMBL3945087,CCC(O)(c1ccc2nc(OC)c(Cc3ccc(C(F)(F)F)cc3)c(Cl)c2c1)C1CN(C(=O)OC(C)(C)C)C1,390.0,,,,
2154957,17.0,nM,Kd,CHEMBL3945586,OC(c1cccnc1)(c1cccc(Cl)c1)c1ccc2nc(Cl)c(Cc3ccc(Cl)cc3)c(Cl)c2c1,17.0,,,,
2156603,34.65,nM,Kd,CHEMBL3947232,COc1nc2ccc(C(O)(c3ccc(Cl)cc3)c3cncn3C)cc2c(Cl)c1Cc1ccc(S(C)(=O)=O)cc1,5.3,64.0,,,
2156857,170.0,nM,Kd,CHEMBL3947486,CCN(CC)c1nc2ccc(C(O)(c3ccc(Cl)cc3)c3cncn3C)cc2c(C(F)(F)F)c1Oc1ccccc1,170.0,,,,
2158747,17.366666666666667,nM,Kd,CHEMBL3949376,COc1nc2ccc(C(O)(c3ccc(C#N)cc3)c3cncn3C)cc2c(C#N)c1Cc1ccc(C(F)(F)F)cc1,1.9,2.2,48.0,,
2158921,85.0,nM,Kd,CHEMBL3949550,Cc1cc(C(O)(c2ccc(Cl)cc2)c2cncn2C)cc2c(Cl)c(Cc3ccc(-n4cccn4)cc3)c(Cl)nc12,85.0,,,,
2159208,23.0,nM,Kd,CHEMBL3949837,CN(c1ccccc1)c1c(Cl)nc2ccc(C(O)(c3cccnc3)c3cccc(Cl)c3)cc2c1Cl,23.0,,,,
2159372,72.0,nM,Kd,CHEMBL3950001,CCN(CC)c1nc2ccc(C(O)(c3ccc(OC)nc3)c3cncn3C)cc2c(C(F)(F)F)c1Oc1ccc(Cl)cc1,72.0,,,,
2159559,32.0,nM,Kd,CHEMBL3950188,Cn1cncc1C(O)(c1ccc(Cl)cc1)c1ccc2nc(C#N)c(Oc3ccccc3)c(Cl)c2c1,32.0,,,,
2159925,220.0,nM,Kd,CHEMBL3950554,COc1nc2ccc(C(O)(c3ccc(N(C)C)cc3)c3cncn3C)cc2c(Cl)c1Cc1ccc(-n2cccn2)cc1,220.0,,,,
2160926,294.6666666666667,nM,Kd,CHEMBL3951555,COc1nc2ccc(C(C)(O)c3cncn3C)cc2c(Cl)c1Cc1ccc(C(F)(F)F)cc1,54.0,290.0,540.0,,
2161448,5.0,nM,Kd,CHEMBL3952077,COc1nc2ccc(C(O)(c3cnnn3C)c3cnnn3C)cc2c(Cl)c1Cc1ccc(-n2cccn2)cc1,5.0,,,,
2161711,13.466666666666667,nM,Kd,CHEMBL3952340,Cn1cncc1C(O)(c1ccc(C(F)(F)F)nc1)c1ccc2nc(N3CCC3)c(Cc3ccc(-n4cccn4)cc3)c(Cl)c2c1,2.1,8.3,30.0,,
2161980,1700.0,nM,Kd,CHEMBL3952609,COc1c(Oc2ccccc2)c(Cl)nc2ccc(C(O)(c3ccc(Cl)cc3)c3cncn3C)cc12,1700.0,,,,
2162763,250.0,nM,Kd,CHEMBL3953392,COc1nc2ccc(C(O)(c3ccc(Cl)cc3)c3cncn3C)cc2c(OC)c1Cc1ccc(-n2cccn2)cc1,250.0,,,,
2162952,2.2,nM,Kd,CHEMBL3953581,Cn1cncc1C(O)(c1ccc2nc(Cl)c(Cc3ccc(-n4cccn4)cc3)c(Cl)c2c1)c1cncn1C,2.2,,,,
2164126,75.0,nM,Kd,CHEMBL3954755,Cn1cncc1C(O)(c1ccc(Cl)cc1)c1ccc2nc(Cl)c(Cc3ccc(-n4cccn4)cc3)c(Cl)c2c1,75.0,,,,
2164359,1150.65,nM,Kd,CHEMBL3954988,COc1nc2ccc(C(N)(c3ccc(C)nc3C)c3cnnn3C)cc2c(Cl)c1Cc1ccc(C(F)(F)F)cc1,1.3,2300.0,,,
2164570,37.0,nM,Kd,CHEMBL3955199,OC(c1cccnc1)(c1cccc(Cl)c1)c1ccc2nc(Cl)c(Nc3ccccc3)c(Cl)c2c1,37.0,,,,
2165182,0.29,nM,Kd,CHEMBL3955811,COc1nc2c(C)cc(C(O)(c3cncn3C)c3cncn3C)cc2c(Cl)c1Cc1ccc(-n2cccn2)cc1,0.29,,,,
2165196,270.0,nM,Kd,CHEMBL3955825,CCN(CC)c1nc2ccc(C(O)(c3ccc(Cl)cc3)c3cncn3C)cc2c(Cl)c1Nc1ccccc1,270.0,,,,
2165346,16.666666666666668,nM,Kd,CHEMBL3955975,CCN(CC)c1nc2ccc(C(O)(c3ccc(OC)nc3)c3cncn3C)cc2c(Cl)c1Oc1ccccc1,12.0,26.0,,,
2165893,20.0,nM,Kd,CHEMBL3956522,COc1nc2ccc(C(O)(c3ccc(C(F)(F)F)cc3)c3cccnc3)cc2c(Cl)c1Cc1ccc(-n2cccn2)cc1,20.0,,,,
2166360,16.966666666666665,nM,Kd,CHEMBL3956989,CCOc1nc2ccc(C(O)(c3ccc(OC)nc3)c3cncn3C)cc2c(Cl)c1Oc1ccccc1,3.4,8.5,39.0,,
2166688,83.0,nM,Kd,CHEMBL3957317,C#CC(O)(c1ccc2nc(OC)c(Cc3ccc(C(F)(F)F)cc3)c(Cl)c2c1)c1cnc(C)n1C,59.0,60.0,130.0,,
2166741,19.25,nM,Kd,CHEMBL3957370,COc1nc2ccc(C(O)(c3ccc(C(F)(F)F)nc3)c3cncn3C)cc2c(C#N)c1Cc1ccc(-n2cccn2)cc1,4.5,34.0,,,
2166959,235.23333333333335,nM,Kd,CHEMBL3957588,COc1nc2ccc(C(O)(c3ccc(Cl)cc3)c3cncn3C)cc2c(Cl)c1Cc1ccc(-n2cccn2)cc1,9.2,20.0,43.0,520.0,810.0
2167518,320.0,nM,Kd,CHEMBL3958147,Cc1nc2ccc(C(O)(c3ccc(Cl)cc3)c3cncn3C)cc2c(C)c1Cc1ccccc1,320.0,,,,
2167886,5700.0,nM,Kd,CHEMBL3958515,CCOc1nc2ccc(C(O)(c3cccnc3)c3cccc(Cl)c3)cc2c(OCC)c1N(C)c1ccccc1,5700.0,,,,
2168433,72.1,nM,Kd,CHEMBL3959062,Cc1cc(C(O)(c2ccc(C(F)(F)F)nc2)c2cncn2C)cc2c(C#N)c(Cc3ccc(-n4cccn4)cc3)c(C#N)nc12,4.2,140.0,,,
2168715,15.0,nM,Kd,CHEMBL3959344,COc1nc2ccc(C(O)(c3cccnc3)c3ccc(Cl)c(Cl)c3)cc2c(Cl)c1Cc1ccc(-n2cccn2)cc1,15.0,,,,
2169000,6.1066666666666665,nM,Kd,CHEMBL3959629,Cn1cncc1C(O)(c1ccc(C(F)(F)F)nc1)c1ccc2nc(N3CCC3)c(Oc3ccc(C#N)cc3)c(Cl)c2c1,0.72,3.6,14.0,,
2169923,7.2,nM,Kd,CHEMBL3960552,CCN(CC)c1nc2ccc(C(O)(c3cncs3)c3cncn3C)cc2c(Cl)c1Oc1ccccc1,7.2,,,,
2170950,65.8,nM,Kd,CHEMBL3961579,Cn1cncc1C(O)(c1ccc(Cl)cc1)c1ccc2nc(C#N)c(Cc3ccc(-n4cccn4)cc3)c(C#N)c2c1,1.6,130.0,,,
2171464,310.0,nM,Kd,CHEMBL3962093,CCN(C)c1nc2ccc(C(O)(c3ccc(Cl)cc3)c3cncn3C)cc2c(Cl)c1Cc1ccc(-n2cccn2)cc1,310.0,,,,
2171770,161.0,nM,Kd,CHEMBL3962399,COc1nc2ccc(C(O)(c3ccc(Cl)cc3)c3cncn3C)cc2c(Cl)c1Oc1ccccc1,33.0,150.0,300.0,,
2172384,16.0,nM,Kd,CHEMBL3963013,COc1ccc(Cc2c(Cl)nc3ccc(C(O)(c4ccc(Cl)cc4)c4cncn4C)cc3c2Cl)cc1,16.0,,,,
2172610,11150.0,nM,Kd,CHEMBL3963239,CCN(CC)c1nc2ccc(C(O)(c3ccc(C(F)(F)F)nc3)c3cncn3C)cc2c(C#N)c1Cc1ccc(-n2cccn2)cc1,1300.0,21000.0,,,
2172811,0.63,nM,Kd,CHEMBL3963440,COc1nc2ccc(C(O)(c3oc(C)nc3C)c3cnnn3C)cc2c(Cl)c1Cc1ccc(C(F)(F)F)cc1,0.63,,,,
2172938,1100.0,nM,Kd,CHEMBL3963567,CNC(=O)c1nc2ccc(C(O)(c3ccc(F)cc3)c3cncn3C)cc2c(C(F)(F)F)c1Cc1ccccc1,1100.0,,,,
2173017,68.0,nM,Kd,CHEMBL3963646,OC(c1ccc(Cl)cc1)(c1cccnc1)c1ccc2nc(Cl)c(Cc3ccc(-n4cccn4)cc3)c(Cl)c2c1,68.0,,,,
2174051,34.86,nM,Kd,CHEMBL3964680,COc1nc2ccc(C(O)(c3ccccc3)C3CCN(C(C)=O)CC3)cc2c(Cl)c1Cc1ccc(-n2cccn2)cc1,3.6,4.7,12.0,77.0,
2174212,138.95,nM,Kd,CHEMBL3964841,Cc1cc(C(O)(c2ccc(C#N)cc2)c2cncn2C)cc2c(C#N)c(Cc3ccc(-n4cccn4)cc3)c(C#N)nc12,7.9,270.0,,,
2174680,99.85,nM,Kd,CHEMBL3965309,COc1nc2ccc(C(O)(c3ccc(Cl)cc3)c3cncn3C)cc2c(Cl)c1Cc1ccc(C#N)cc1,6.2,37.0,350.0,,
2175458,50.0,nM,Kd,CHEMBL3966087,COc1nc2ccc(C(O)(c3ccc(Cl)cc3)c3cncn3C)cc2c(C#N)c1Cc1ccc(-n2cccn2)cc1,50.0,,,,
2176425,22.0,nM,Kd,CHEMBL3967054,OC(c1ccc(F)cc1)(c1cccnc1)c1ccc2nc(Cl)c(Cc3ccc(-n4cccn4)cc3)c(Cl)c2c1,22.0,,,,
2176975,360.0,nM,Kd,CHEMBL3967604,COc1nc2ccc(C(O)(c3ccc(N(C)C)cc3)c3cccnc3)cc2c(Cl)c1Cc1ccc(-n2cccn2)cc1,360.0,,,,
2177682,66.0,nM,Kd,CHEMBL3968311,Cn1cncc1C(O)(c1ccc(C(F)(F)F)nc1)c1ccc2nc(N3CCCC3)c(Oc3ccc(C#N)cc3)c(Cl)c2c1,66.0,,,,
2177974,27.166666666666668,nM,Kd,CHEMBL3968603,COc1nc2ccc(C(O)(c3ccc(C(F)(F)F)nc3)c3cncn3C)cc2c(Cl)c1Cc1ccc(-n2cccn2)cc1,5.0,8.0,70.0,,
2178045,2.8,nM,Kd,CHEMBL3968674,COc1ccc(C(O)(c2ccc3nc(OC)c(Cc4ccc(-n5cccn5)cc4)c(Cl)c3c2)c2cncn2C)cn1,2.8,,,,
2178279,1500.0,nM,Kd,CHEMBL3968908,CCC(O)(c1ccc2nc(OC)c(Cc3ccc(S(C)(=O)=O)cc3)c(Cl)c2c1)c1cncn1C,1500.0,,,,
2178814,14.52,nM,Kd,CHEMBL3969443,Cc1ccc(C(O)(c2ccc3nc(C#N)c(Cc4ccc(C(F)(F)F)cc4)c(C#N)c3c2)c2cnnn2C)c(C)n1,0.04,29.0,,,
2179184,1900.0,nM,Kd,CHEMBL3969813,COc1ccc(Cc2cc3cc(C(O)(c4cncs4)c4cncn4C)ccc3nc2Cl)cc1,1900.0,,,,
2179766,4375.0,nM,Kd,CHEMBL3970395,CCN(CC)c1nc2ccc(C(O)(c3ccc(Cl)cc3)c3cncn3C)cc2c(Cl)c1Cc1ccc(-n2cccn2)cc1,150.0,8600.0,,,
2179909,8550.0,nM,Kd,CHEMBL3970538,Cn1cncc1C(O)(c1ccc(C(F)(F)F)nc1)c1ccc2nc(C#N)c(Cc3ccc(-n4cccn4)cc3)cc2c1,1100.0,16000.0,,,
2181156,100.0,nM,Kd,CHEMBL3971785,CCN(CC)c1nc2ccc(C(O)(c3ccc(Cl)cc3)c3cncn3C)cc2c(C(F)(F)F)c1Oc1ccc(Cl)cc1,100.0,,,,
2181591,24.8,nM,Kd,CHEMBL3972220,COc1nc2ccc(C(O)(c3cncn3C)C3CCN(C(C)=O)CC3)cc2c(Cl)c1Cc1ccc(-n2cccn2)cc1,18.0,20.0,33.0,,
2182751,76.43333333333334,nM,Kd,CHEMBL3973380,CCN(CC)c1nc2ccc(C(O)(c3ccc(C(F)(F)F)nc3)c3cncn3C)cc2c(Cl)c1Oc1ccccc1,8.3,51.0,170.0,,
2183286,18.433333333333334,nM,Kd,CHEMBL3973915,COc1nc2ccc(C(O)(c3ccc(C(F)(F)F)nc3)c3cncn3C)cc2c(Cl)c1Cc1cc2ccccc2s1,3.5,7.8,44.0,,
2183968,27.099999999999998,nM,Kd,CHEMBL3974597,CON(C)c1nc2ccc(C(O)(c3ccc(C(F)(F)F)nc3)c3cncn3C)cc2c(Cl)c1Cc1ccc(-n2cccn2)cc1,6.3,18.0,57.0,,
2184831,552.9333333333333,nM,Kd,CHEMBL3975460,COc1nc2c(C)cc(C(O)(c3ccc(Cl)cc3)c3cncn3C)cc2c(Cl)c1Cc1ccc(-n2cccn2)cc1,5.8,53.0,1600.0,,
2184906,10.0,nM,Kd,CHEMBL3975535,OC(c1cccnc1)(c1cccc(F)c1)c1ccc2nc(Cl)c(Cc3ccc(-n4cccn4)cc3)c(Cl)c2c1,10.0,,,,
2187415,35.0,nM,Kd,CHEMBL3978044,CN(c1ccccc1)c1c(Cl)nc2ccc(C(O)(c3ccc(Cl)cc3)c3cncn3C)cc2c1Cl,35.0,,,,
2187892,0.09666666666666666,nM,Kd,CHEMBL3978521,COc1nc2ccc(C(O)(c3cnnn3C)c3cnc(C)n3C)cc2c(C#N)c1Cc1ccc(C(F)(F)F)cc1,0.05,0.12,,,
2189830,3100.0,nM,Kd,CHEMBL3980459,C#CC(O)(c1ccc2nc(OC)c(Cc3ccc(C(F)(F)F)cc3)c(Cl)c2c1)C1CN(C(=O)OC(C)(C)C)C1,3100.0,,,,
2189971,40.266666666666666,nM,Kd,CHEMBL3980600,COc1nc2ccc(C(O)(c3ccc(C)nc3C)c3cnnn3C)cc2c(C#N)c1Cc1ccc(C(F)(F)F)cc1,0.28,0.52,120.0,,
2190742,14.0,nM,Kd,CHEMBL3981371,COc1ccc(C(O)(c2ccc3nc(Cl)c(Oc4ccccc4)c(Cl)c3c2)c2cncn2C)cn1,14.0,,,,
2191291,21.0,nM,Kd,CHEMBL3981920,COc1nc2ccc(C(O)(c3ccc(F)cc3)c3cccnc3)cc2c(Cl)c1Cc1ccc(-n2cccn2)cc1,21.0,,,,
2191580,45.5,nM,Kd,CHEMBL3982209,[C-]#[N+]c1ccc(C(O)(c2ccc3nc(OC)c(Cc4ccc(-n5cccn5)cc4)c(C#N)c3c2)c2cncn2C)cc1,15.0,76.0,,,
2191997,98.0,nM,Kd,CHEMBL3982626,Cc1nc(C)c(C(O)(c2ccc3nc(Cl)c(-c4ccccc4)c(Cl)c3c2)C(C)C)s1,98.0,,,,
2192220,790.0,nM,Kd,CHEMBL3982849,CCN(c1ccccc1)c1c(Cl)nc2ccc(C(O)(c3ccc(Cl)cc3)c3cncn3C)cc2c1Cl,790.0,,,,
2192778,330.0,nM,Kd,CHEMBL3983407,Cn1cc(C(O)(c2ccc(Cl)cc2)c2ccc3nc(Cl)c(Cc4ccccc4)c(Cl)c3c2)cn1,330.0,,,,
2193215,110.0,nM,Kd,CHEMBL3983844,Cn1cncc1C(O)(c1ccc(Cl)cc1)c1ccc2nc(Cl)c(Nc3ccccc3)c(Cl)c2c1,110.0,,,,
2194204,3.7433333333333336,nM,Kd,CHEMBL3984833,Cn1cncc1C(O)(c1ccc(C(F)(F)F)nc1)c1ccc2nc(N3CCC3)c(Oc3ccc(Cl)cc3)c(Cl)c2c1,0.53,1.8,8.9,,
2194926,240.0,nM,Kd,CHEMBL3985555,CCCCC(O)(c1ccc2nc(Cl)c(-c3ccccc3)c(Cl)c2c1)c1cc(C)no1,240.0,,,,
2199414,98.0,nM,Kd,CHEMBL4059503,CN(C)c1nc2ccc(C(O)(c3ccncc3)c3cncn3C)cc2c(Cl)c1-c1ccccc1,2.0,290.0,,,
2202175,2.0,nM,Kd,CHEMBL4062264,CCN(CC)c1nc2ccc(C(O)(c3ccncc3)c3cncn3C)cc2c(Cl)c1-c1ccccc1,2.0,,,,
2203848,51.0,nM,Kd,CHEMBL4063937,Cn1cncc1C(O)(c1ccc(Cl)cc1)c1ccc2nc(C#N)c(-c3ccccc3)c(Cl)c2c1,51.0,,,,
2210800,15.0,nM,Kd,CHEMBL4070889,COc1c(-c2ccccc2)c(C(F)(F)F)nc2ccc(C(O)(c3ccc(C(F)(F)F)nc3)c3cncn3C)cc12,15.0,,,,
2211196,1513.0,nM,Kd,CHEMBL4071285,Cn1cncc1C(O)(c1ccc(Cl)cc1)c1ccc2nc(Cl)c(-c3ccccc3)c(Cl)c2c1,32.0,160.0,5700.0,,
2212440,100.0,nM,Kd,CHEMBL4072529,COc1nc2ccc(C(O)(c3ccc(Cl)cc3)c3cncn3C)cc2c(Cl)c1-c1ccccc1,100.0,,,,
2213479,9.5,nM,Kd,CHEMBL4073568,Cn1cncc1C(O)(c1ccc(Cl)cc1)c1ccc2nc(C(F)(F)F)c(-c3ccccc3)c(C(F)(F)F)c2c1,9.5,,,,
2218947,37.0,nM,Kd,CHEMBL4079036,COc1nc2ccc(C(O)(c3ccc(C(F)(F)F)nc3)c3cncn3C)cc2c(Cl)c1-c1ccc(S(C)(=O)=O)cc1,37.0,,,,
2222339,9500.0,nM,Kd,CHEMBL4082428,CNc1c(-c2ccccc2)c(Cl)nc2ccc(C(O)(c3ccncc3)c3cncn3C)cc12,9500.0,,,,
2222982,20.0,nM,Kd,CHEMBL4083071,COc1nc2ccc(C(O)(c3ccc(C(F)(F)F)nc3)c3cncn3C)cc2c(Cl)c1Cc1ccccc1,20.0,,,,
2223853,55.0,nM,Kd,CHEMBL4083942,Cn1cncc1C(O)(c1ccc(Cl)cc1)c1ccc2nc(C#N)c(-c3ccccc3)c(C#N)c2c1,55.0,,,,
2228275,5.0,nM,Kd,CHEMBL4088364,COc1nc2ccc(C(O)(c3ccncc3)c3cncn3C)cc2c(Cl)c1-c1ccccc1,5.0,,,,
2230184,15000.0,nM,Kd,CHEMBL4090273,CN(CCO)c1nc2ccc(C(O)(c3ccncc3)c3cncn3C)cc2c(Cl)c1-c1ccccc1,15000.0,,,,
2231617,570.0,nM,Kd,CHEMBL4091706,COc1nc2ccc(C(O)(c3ccc(Cl)cc3)c3cncn3C)cc2c(OC)c1-c1ccccc1,570.0,,,,
2234108,14.0,nM,Kd,CHEMBL4094197,Cn1cncc1C(O)(c1ccncc1)c1ccc2nc(Cl)c(-c3ccccc3)c(Cl)c2c1,14.0,,,,
2236962,32.0,nM,Kd,CHEMBL4097051,COc1nc2ccc(C(O)(c3ccc(C(F)(F)F)nc3)c3cncn3C)cc2c(Cl)c1-c1cnc(C#N)nc1,32.0,,,,
2237897,6.0,nM,Kd,CHEMBL4097986,Cn1cncc1C(O)(c1ccc(C(F)(F)F)nc1)c1ccc2nc(N3CCC3)c(-c3ccccc3)c(Cl)c2c1,6.0,,,,
2238236,10000.0,nM,Kd,CHEMBL4098325,Cn1cncc1C(O)(c1ccc(Cl)cc1)c1ccc2nc(Cl)c(-c3ccccc3)cc2c1,10000.0,,,,
2238494,12.0,nM,Kd,CHEMBL4098583,COc1nc2ccc(C(O)(c3ccc(Cl)cc3)c3cncn3C)cc2c(Cl)c1Cc1ccc(F)cc1,12.0,,,,
2239358,4300.0,nM,Kd,CHEMBL4099447,Cn1cncc1C(O)(c1ccc(Cl)cc1)c1ccc2ncc(-c3ccccc3)c(Cl)c2c1,4300.0,,,,
2240350,23.0,nM,Kd,CHEMBL4100439,CN(C)c1c(-c2ccccc2)c(Cl)nc2ccc(C(O)(c3ccncc3)c3cncn3C)cc12,23.0,,,,
2240958,6.6,nM,Kd,CHEMBL4101047,COc1nc2ccc(C(O)(c3ccc(C(F)(F)F)nc3)c3cncn3C)cc2c(Cl)c1Cc1ccc(F)cc1,6.6,,,,
2241843,57.0,nM,Kd,CHEMBL4101932,Cn1cncc1C(O)(c1ccc(Cl)cc1)c1ccc2nc(C(F)(F)F)c(-c3ccccc3)c(Cl)c2c1,57.0,,,,
2257414,12.0,nM,Kd,CHEMBL4125723,CC(C)(C)NS(=O)(=O)c1ccc(-c2sc(C(=O)NCCN3CCOCC3)nc2CC2CCCCC2)c2ccccc12,12.0,,,,
2257448,0.45,nM,Kd,CHEMBL4125757,CC(C)(C)NS(=O)(=O)c1ccc(-c2sc(C(=O)NC3CCOCC3)nc2CC2CCCCC2)c2ccccc12,0.45,,,,
2257560,37.0,nM,Kd,CHEMBL4125869,C[C@H](NS(=O)(=O)c1ccc(-c2sc(C(=O)NCC(C)(C)O)nc2-c2cccc(F)c2)c(Cl)c1Cl)C(F)(F)F,37.0,,,,
2257731,5.7,nM,Kd,CHEMBL4126040,CC(C)(C)NS(=O)(=O)c1ccc(-c2sc(C(=O)N[C@H]3C[C@H](C(=O)O)C3)nc2CC2CCCCC2)c(Cl)c1,5.7,,,,
2257887,13.0,nM,Kd,CHEMBL4126196,CC(C)(O)CNC(=O)c1nc(CC2CCCCC2)c(-c2cnc(S(=O)(=O)NC(C)(C)C)c3ccccc23)s1,13.0,,,,
2257907,2.2,nM,Kd,CHEMBL4126216,CC(C)(C)NS(=O)(=O)c1ncc(-c2sc(C(=O)N[C@H]3C[C@H](C(=O)O)C3)nc2CC2CCCCC2)c2ccccc12,2.2,,,,
2258008,0.59,nM,Kd,CHEMBL4126317,C[C@H](NS(=O)(=O)c1ccc(-c2sc(C(=O)NCC(C)(C)O)nc2Cc2ccc(F)cc2)c(Cl)c1Cl)C(F)(F)F,0.59,,,,
2258057,0.11,nM,Kd,CHEMBL4126366,CC(C)(C)NS(=O)(=O)c1ccc(-c2sc(C(=O)N[C@H]3C[C@H](C(=O)O)C3)nc2CC2CCCCC2)c2c1CCCC2,0.11,,,,
2258225,4.8,nM,Kd,CHEMBL4126534,CC(C)(C)NC(=O)c1cc(-c2sc(C(=O)N[C@H]3C[C@H](C(=O)O)C3)nc2CC2CCCCC2)cc(C2(C)CC2)c1,4.8,,,,
2258381,36.0,nM,Kd,CHEMBL4126690,CC(C)(C)c1cc(-c2sc(C(=O)N[C@H]3C[C@H](C(=O)O)C3)nc2CC2CCCCC2)cc(C(O)(C(F)(F)F)C(F)(F)F)c1,36.0,,,,
2258682,2.5,nM,Kd,CHEMBL4126991,CC(C)(C)NS(=O)(=O)c1ccc(-c2sc(C(=O)NCC3CS(=O)(=O)C3)nc2CC2CCCCC2)c2ccccc12,2.5,,,,
2258818,1.4,nM,Kd,CHEMBL4127127,CC(C)(C)NS(=O)(=O)c1ccc(-c2sc(C(=O)NCC(C)(C)C(N)=O)nc2CC2CCCCC2)c2ccccc12,1.4,,,,
2258880,0.22,nM,Kd,CHEMBL4127189,CC(C)(CCF)NS(=O)(=O)c1ccc(-c2sc(C(=O)N[C@H]3C[C@H](C(=O)O)C3)nc2CC2CCCCC2)c2ccccc12,0.22,,,,
2258973,0.18,nM,Kd,CHEMBL4127282,C[C@H](NS(=O)(=O)c1ccc(-c2sc(C(=O)N[C@H]3C[C@H](C(=O)O)C3)nc2CC2CCCCC2)c2ccccc12)C(F)(F)F,0.18,,,,
2259278,6.1,nM,Kd,CHEMBL4127587,CC(C)(CCO)NS(=O)(=O)c1ccc(-c2sc(C(=O)N[C@H]3C[C@H](C(=O)O)C3)nc2CC2CCCCC2)c2ccccc12,6.1,,,,
2259389,2.8,nM,Kd,CHEMBL4127698,CC(C)(O)CNC(=O)c1nc(CC2CCCCC2)c(-c2ccc(S(=O)(=O)NC(C)(C)C)c(Cl)c2C(F)F)s1,2.8,,,,
2259456,1.3,nM,Kd,CHEMBL4127765,CC(C)(C)NS(=O)(=O)c1ccc(-c2sc(C(=O)NC34CC(C(=O)O)(C3)C4)nc2CC2CCCCC2)c2ccccc12,1.3,,,,
2259583,5.6,nM,Kd,CHEMBL4127892,C[C@H](NS(=O)(=O)c1ccc(-c2sc(C(=O)NCC(C)(C)O)nc2C2CCCCC2)c(Cl)c1Cl)C(F)(F)F,5.6,,,,
2259617,12.0,nM,Kd,CHEMBL4127926,C[C@H](NC(=O)c1cc(-c2sc(C(=O)N[C@H]3C[C@H](C(=O)O)C3)nc2CC2CCCCC2)cc(C(C)(C)C)c1)C(F)(F)F,12.0,,,,
2259623,1.4,nM,Kd,CHEMBL4127932,C[C@H](NS(=O)(=O)c1ccc(-c2sc(C(=O)N3CC4(C3)CS(=O)(=O)C4)nc2CC2CCC2)c(Cl)c1Cl)C(F)(F)F,1.4,,,,
2259675,2.0,nM,Kd,CHEMBL4127984,CC(C)(C)NS(=O)(=O)c1ccc(-c2sc(C(=O)NC3CCS(=O)(=O)CC3)nc2C(C)(C)C)c2ccccc12,2.0,,,,
2259733,1.5,nM,Kd,CHEMBL4128042,C[C@H](NC(=O)c1cc(-c2sc(C(=O)N[C@H]3C[C@H](C(=O)O)C3)nc2CC2CCCCC2)cc(C2(C)CC2)c1)C(F)(F)F,1.5,,,,
2259767,12.0,nM,Kd,CHEMBL4128076,C[C@H](NS(=O)(=O)c1ccc(-c2sc(C(=O)NCC(C)(C)O)nc2CC2CC2)c2ccccc12)C(F)(F)F,12.0,,,,
2259953,0.78,nM,Kd,CHEMBL4128262,CC(C)(O)CNC(=O)c1nc(CC2CCCCC2)c(-c2ccc(S(=O)(=O)NC3(C#N)CC3)c3ccccc23)s1,0.78,,,,
2260054,0.48,nM,Kd,CHEMBL4128363,CC(C)(C)NS(=O)(=O)c1ccc(-c2sc(C(=O)NC3CS(=O)(=O)C3)nc2CC2CCCCC2)c2ccccc12,0.48,,,,
2260118,4.8,nM,Kd,CHEMBL4128427,C[C@H](NS(=O)(=O)c1cc(-c2sc(C(=O)N[C@H]3C[C@H](C(=O)O)C3)nc2CC2CCCCC2)cc(C(C)(C)C)c1)C(F)(F)F,4.8,,,,
2260266,0.077,nM,Kd,CHEMBL4128575,CCC(C)(C)NS(=O)(=O)c1ccc(-c2sc(C(=O)N[C@H]3C[C@H](C(=O)O)C3)nc2CC2CCCCC2)c2ccccc12,0.077,,,,
2260356,8.5,nM,Kd,CHEMBL4128665,CC(C)(C)NS(=O)(=O)c1ccc(-c2sc(C(=O)N[C@H]3C[C@H](C(=O)O)C3)nc2CC2CCCCC2)c(C(F)(F)F)c1,8.5,,,,
2260378,1.3,nM,Kd,CHEMBL4128687,CC(C)NS(=O)(=O)c1ccc(-c2sc(C(=O)N[C@H]3C[C@H](C(=O)O)C3)nc2CC2CCCCC2)c(C(F)F)c1Cl,1.3,,,,
2260617,0.12,nM,Kd,CHEMBL4128926,CC(C)(C)NS(=O)(=O)c1ccc(-c2sc(C(=O)N[C@H]3C[C@H](C(=O)O)C3)nc2CC2CCCCC2)c2ccccc12,0.12,,,,
2260700,15.0,nM,Kd,CHEMBL4129009,CC(C)(C)NS(=O)(=O)c1ccc(-c2sc(C(=O)N3CCC(C)(C(=O)O)C3)nc2CC2CCCCC2)c2ccccc12,15.0,,,,
2260725,11.0,nM,Kd,CHEMBL4129034,C[C@H](NS(=O)(=O)c1ccc(-c2sc(C(=O)NC3CCS(=O)(=O)CC3)nc2CC2CC2)c2ccccc12)C(F)(F)F,11.0,,,,
2260854,7.5,nM,Kd,CHEMBL4129163,CC(C)(C)NS(=O)(=O)c1ccc(-c2sc(C(=O)N3CC(C(C)(C)C(=O)O)C3)nc2CC2CCCCC2)c2ccccc12,7.5,,,,
2260893,1.1,nM,Kd,CHEMBL4129202,CC(C)(O)CNC(=O)c1nc(CC2CCCCC2)c(-c2ccc(S(=O)(=O)NC(C)(C)C)c3ccccc23)s1,1.1,,,,
2261014,40.0,nM,Kd,CHEMBL4129323,C[C@H](NS(=O)(=O)c1ccc(-c2sc(C(=O)NCC(C)(C)O)nc2CC2CCC2)c(C(F)F)c1)C(F)(F)F,40.0,,,,
2261112,91.0,nM,Kd,CHEMBL4129421,C[C@H](NC(=O)c1cc(-c2sc(C(=O)N[C@H]3C[C@H](C(=O)O)C3)nc2CC2CCCCC2)cc(C2(C#N)CC2)c1)C(F)(F)F,91.0,,,,
2261116,20.0,nM,Kd,CHEMBL4129425,C[C@H](NS(=O)(=O)c1ccc(-c2sc(C(=O)NCC(C)(C)O)nc2COC(C)(C)C)c(Cl)c1Cl)C(F)(F)F,20.0,,,,
2261185,0.77,nM,Kd,CHEMBL4129494,CC(C)(C)NS(=O)(=O)c1ccc(-c2sc(C(=O)N3CC4(C3)CS(=O)(=O)C4)nc2CC2CCCCC2)c(Cl)c1Cl,0.77,,,,
2261290,2.1,nM,Kd,CHEMBL4129599,CC(C)(C)NS(=O)(=O)c1ccc(-c2sc(C(=O)N3CC4(C3)CS(=O)(=O)C4)nc2CC2CCCCC2)c2ccccc12,2.1,,,,
2261325,0.98,nM,Kd,CHEMBL4129634,C[C@H](NS(=O)(=O)c1ccc(-c2sc(C(=O)N[C@H]3C[C@H](C(=O)O)C3)nc2CC2CCC2)c2ccccc12)C(F)(F)F,0.98,,,,
2261347,0.44,nM,Kd,CHEMBL4129656,CC(C)(C)NS(=O)(=O)c1ccc(-c2sc(C(=O)N[C@H]3C[C@H](C(=O)O)C3)nc2CC2CCCCC2)c(Cl)c1Cl,0.44,,,,
2261481,14.0,nM,Kd,CHEMBL4129790,CC[C@H](NC(=O)c1cc(-c2sc(C(=O)N[C@H]3C[C@H](C(=O)O)C3)nc2CC2CCCCC2)cc(C2(C)CC2)c1)C(F)(F)F,14.0,,,,
2261653,105.0,nM,Kd,CHEMBL4129962,CC(C)(C)c1cc(-c2sc(C(=O)N[C@H]3C[C@H](C(=O)O)C3)nc2CC2CCCCC2)cc(C2(C)CC2)c1,105.0,,,,
2261747,0.92,nM,Kd,CHEMBL4130056,Cc1c(S(=O)(=O)NC(C)(C)C)ccc(-c2sc(C(=O)N[C@H]3C[C@H](C(=O)O)C3)nc2CC2CCCCC2)c1OC(F)F,0.92,,,,
2261828,2.7,nM,Kd,CHEMBL4130137,C[C@H](NS(=O)(=O)c1ccc(-c2sc(C(=O)NCC(C)(C)O)nc2CC2CC(F)(F)C2)c2ccccc12)C(F)(F)F,2.7,,,,
2261985,0.33,nM,Kd,CHEMBL4130294,CCS(=O)(=O)c1ccc(CNC(=O)c2nc(CC3CCCCC3)c(-c3ccc(S(=O)(=O)NC(C)(C)C)c4ccccc34)s2)cc1,0.33,,,,
2274888,465.3,nM,Kd,CHEMBL4171857,CCS(=O)(=O)c1ccc(CC(=O)Nc2cnc(OCc3ccccc3)c(Cl)c2)cc1,465.3,,,,
2278336,21.75,nM,Kd,CHEMBL4175305,CCS(=O)(=O)c1ccc(CC(=O)Nc2cnc(O[C@@H](C)c3ccccc3)c(Cl)c2)cc1,8.0,35.5,,,
2282326,0.79,nM,Kd,CHEMBL4204175,COc1nc2ccc(C(O)(c3cnnn3C)c3cnc(C)n3C)cc2c(Cl)c1Cc1ccc(-n2cccn2)cc1,0.38,1.2,,,
2283216,0.5,nM,Kd,CHEMBL4205065,Cn1cncc1C(O)(c1ccc2nc(Cl)c(-c3ccccc3)c(Cl)c2c1)c1ccnc2ccccc12,0.5,,,,
2283780,76.0,nM,Kd,CHEMBL4205629,OC(c1ccccc1)(c1cccnc1)c1ccc2nc(Cl)c(-c3ccccc3)c(Cl)c2c1,76.0,,,,
2284659,280.0,nM,Kd,CHEMBL4206508,CNC(c1ccc(Cl)cc1)(c1ccc2nc(OC)c(Cc3ccc(-n4cccn4)cc3)c(Cl)c2c1)c1cncn1C,280.0,,,,
2285273,190.0,nM,Kd,CHEMBL4207122,Cc1ncc(C(O)(c2ccc(Cl)cc2)c2ccc3nc(Cl)c(-c4ccccc4)c(Cl)c3c2)n1C,190.0,,,,
2286404,1500.0,nM,Kd,CHEMBL4208253,OC(c1ccccc1)(c1ccncc1)c1ccc2nc(Cl)c(-c3ccccc3)c(Cl)c2c1,1500.0,,,,
2288095,1.1,nM,Kd,CHEMBL4209944,Cc1nc(C)c(C(O)(c2ccc3nc(Cl)c(-c4ccccc4)c(Cl)c3c2)c2cncn2C)s1,1.1,,,,
2288134,80.0,nM,Kd,CHEMBL4209983,COc1nc2ccc(C(O)c3cnnn3C)cc2c(Cl)c1Cc1ccc(-n2cccn2)cc1,69.0,91.0,,,
2288149,5.3,nM,Kd,CHEMBL4209998,Cn1cncc1C(O)(c1ccnc(F)c1)c1ccc2nc(Cl)c(-c3ccccc3)c(Cl)c2c1,5.3,,,,
2288650,20000.0,nM,Kd,CHEMBL4210499,Cn1ccnc1C(O)(c1ccnc(F)c1)c1ccc2nc(Cl)c(-c3ccccc3)c(Cl)c2c1,20000.0,,,,
2289217,960.0,nM,Kd,CHEMBL4211066,Cn1cncc1C(O)(c1ccc2nc(Cl)c(-c3ccccc3)c(Cl)c2c1)c1ccccn1,960.0,,,,
2290150,450.0,nM,Kd,CHEMBL4211999,CCn1cncc1C(O)(c1ccc(Cl)cc1)c1ccc2nc(Cl)c(-c3ccccc3)c(Cl)c2c1,450.0,,,,
2291609,31.0,nM,Kd,CHEMBL4213458,Cn1cncc1C(O)(c1ccc(C(F)(F)F)nc1)c1ccc2nc(Cl)c(-c3ccccc3)c(Cl)c2c1,31.0,,,,
2292539,38.0,nM,Kd,CHEMBL4214388,Cn1cncc1C(O)(c1cccnc1)c1ccc2nc(Cl)c(-c3ccccc3)c(Cl)c2c1,38.0,,,,
2294523,0.27,nM,Kd,CHEMBL4216372,COc1nc2ccc(C(O)(c3cnc(C)n3C)c3cnc(C)n3C)cc2c(Cl)c1Cc1ccc(-n2cccn2)cc1,0.27,,,,
2296010,0.6,nM,Kd,CHEMBL4217859,Cc1cc(C(O)(c2ccc3nc(Cl)c(-c4ccccc4)c(Cl)c3c2)c2cncn2C)ccn1,0.6,,,,
2296390,110.0,nM,Kd,CHEMBL4218239,COc1nc2ccc(C(N)(c3ccc(Cl)cc3)c3cncn3C)cc2c(Cl)c1Cc1ccc(-n2cccn2)cc1,110.0,,,,
2296537,6.4,nM,Kd,CHEMBL4218386,Cn1cncc1C(O)(c1ccnc(C(F)(F)F)c1)c1ccc2nc(Cl)c(-c3ccccc3)c(Cl)c2c1,6.4,,,,
2341900,6.1,nM,Kd,CHEMBL4434891,COc1nc2ccc(C(O)(c3ccc(C)nc3C)c3cnnn3C)cc2c(Cl)c1OC(C)C,6.1,,,,
2345976,3.9,nM,Kd,CHEMBL4438967,COc1nc2ccc(C(O)(c3ccc(C)nc3C)c3cnnn3C)cc2c(Cl)c1CN1CC(C(F)(F)F)C1,3.9,,,,
2346699,380.0,nM,Kd,CHEMBL4439690,CCS(=O)(=O)c1ccc(CC(=O)Nc2ccc(-c3ccc(C(O)(C(F)(F)F)C(F)(F)F)cc3F)cc2)cc1,380.0,,,,
2347335,357.0,nM,Kd,CHEMBL4440326,COc1nc2ccc(C(O)(c3ccc(C)nc3C)c3cnnn3C)cc2c(Cl)c1C(=O)N1CCC(C(F)(F)F)CC1,357.0,,,,
2348296,0.02,nM,Kd,CHEMBL4441287,COc1nc2ccc(C(O)(c3cc(C)nc(C)c3)c3cnnn3C)cc2c(Cl)c1CN1CCC(C(F)(F)F)CC1,0.02,,,,
2349315,14.0,nM,Kd,CHEMBL4442306,COc1nc2ccc(C(O)(c3ccc(C)nc3C)c3cnnn3C)cc2c(Cl)c1OC1CCOCC1,14.0,,,,
2349840,0.1,nM,Kd,CHEMBL4442831,COc1nc2ccc(C(O)(c3ccc(C)nc3C)c3cnnn3C)cc2c(Cl)c1CC1CCC(F)(F)CC1,0.1,,,,
2351346,1.4,nM,Kd,CHEMBL4444337,COc1nc2ccc(C(O)(c3ccc(C)nc3C)c3cnnn3C)cc2c(Cl)c1C1CCCC1,1.4,,,,
2356729,262.0,nM,Kd,CHEMBL4449720,COc1nc2ccc(C(O)(c3ccc(C)nc3C)c3cnnn3C)cc2c(Cl)c1OCc1ncccn1,262.0,,,,
2364400,3.8,nM,Kd,CHEMBL4457391,COc1nc2ccc(C(O)(c3ccc(C)nc3C)c3cnnn3C)cc2c(Cl)c1OCC1CC1,3.8,,,,
2366208,4.8,nM,Kd,CHEMBL4459199,COc1nc2ccc(C(O)(c3cnc(C)n3C)C3CN(C(C)=O)C3)cc2c(Cl)c1CN1CCC(C(F)(F)F)CC1,4.8,,,,
2373040,110.0,nM,Kd,CHEMBL4466031,COc1nc2ccc(C(O)(c3ccc(C)nc3C)c3cnnn3C)cc2c(Cl)c1CC1CCS(=O)(=O)CC1,110.0,,,,
2373281,0.5,nM,Kd,CHEMBL4466272,COc1nc2ccc([C@](O)(c3ccnc(C(F)(F)F)c3)c3cnc(C)n3C)cc2c(Cl)c1CN1CCC(C(F)(F)F)CC1,0.5,,,,
2375597,2.3,nM,Kd,CHEMBL4468588,COc1nc2ccc(C(O)(c3cnnn3C)c3cnc(C)n3C)cc2c(Cl)c1CN1CCC(C(F)(F)F)CC1,2.3,,,,
2378945,5.7,nM,Kd,CHEMBL4471936,COc1nc2ccc(C(O)(c3ccc(C)nc3C)c3cnnn3C)cc2c(Cl)c1CN1CCC(F)(F)CC1,5.7,,,,
2380682,412.0,nM,Kd,CHEMBL4473673,COc1nc2ccc(C(O)(c3ccc(C)nc3C)c3cnnn3C)cc2c(Cl)c1CC(C)C,412.0,,,,
2382250,2.9,nM,Kd,CHEMBL4475244,COc1nc2ccc(C(O)(c3ccc(C)nc3C)c3cnnn3C)cc2c(Cl)c1CC(F)(F)F,2.9,,,,
2389343,18.8,nM,Kd,CHEMBL4517932,COc1nc2ccc(C(O)(c3cnnn3C)C3CN(C(C)=O)C3)cc2c(Cl)c1CN1CCC(C(F)(F)F)CC1,18.8,,,,
2393110,1.3,nM,Kd,CHEMBL4521699,COc1nc2ccc(C(O)(c3ccc(C)nc3C)c3cnnn3C)cc2c(Cl)c1CC1CC1,1.3,,,,
2403158,3.3,nM,Kd,CHEMBL4532727,COc1nc2ccc(C(O)(c3ccc(C(F)(F)F)nc3)C3CN(C(C)=O)C3)cc2c(Cl)c1CN1CCC(C(F)(F)F)CC1,3.3,,,,
2408169,780.0,nM,Kd,CHEMBL4537738,O=C(Cc1ccccc1[N+](=O)[O-])Nc1ccc(-c2ccc(C(O)(C(F)(F)F)C(F)(F)F)cc2F)cc1,780.0,,,,
2414366,1.3,nM,Kd,CHEMBL4543938,COc1nc2ccc(C(O)(c3ccnc(C(F)(F)F)c3)c3cnnn3C)cc2c(Cl)c1CN1CCC(C(F)(F)F)CC1,1.3,,,,
2422570,0.3,nM,Kd,CHEMBL4552142,COc1nc2ccc(C(O)(c3ccnc(C(F)(F)F)c3)c3cncn3C)cc2c(Cl)c1CN1CCC(C(F)(F)F)CC1,0.3,,,,
2426338,47.0,nM,Kd,CHEMBL4555910,COc1nc2ccc(C(O)(c3ccc(C)nc3C)c3cnnn3C)cc2c(Cl)c1CN1CCC(n2cccn2)CC1,47.0,,,,
2427166,1.1,nM,Kd,CHEMBL4556738,COc1nc2ccc([C@@](O)(c3ccc(C(F)(F)F)nc3)c3cncn3C)cc2c(Cl)c1CN1CCC(C(F)(F)F)CC1,1.1,,,,
2429293,560.0,nM,Kd,CHEMBL4558865,CS(=O)(=O)c1ccc(CC(=O)Nc2ccc(-c3ccc(C(O)(C(F)(F)F)C(F)(F)F)cc3F)cc2)cc1,560.0,,,,
2430011,63.0,nM,Kd,CHEMBL4559583,COc1nc2ccc(C(O)(c3ccc(C)nc3C)c3cnnn3C)cc2c(Cl)c1C,63.0,,,,
2438914,8.2,nM,Kd,CHEMBL4568486,COc1nc2ccc(C(O)(c3ccc(C)nc3C)c3cnnn3C)cc2c(Cl)c1OCC1CC1(F)F,8.2,,,,
2442352,46.0,nM,Kd,CHEMBL4571921,COc1nc2ccc(C(O)(c3ccc(C)nc3C)c3cnnn3C)cc2c(Cl)c1CN1CCC(F)CC1,46.0,,,,
2445787,1.2,nM,Kd,CHEMBL4575356,COc1nc2ccc(C(O)(c3cnc(C)n3C)c3cnc(C)n3C)cc2c(Cl)c1CN1CCC(C(F)(F)F)CC1,1.2,,,,
2454566,0.6,nM,Kd,CHEMBL4584135,COc1nc2ccc(C(O)(c3cnc(C)n3C)C3CCOCC3)cc2c(Cl)c1CN1CCC(C(F)(F)F)CC1,0.6,,,,
2458962,1.5,nM,Kd,CHEMBL4588531,COc1nc2ccc(C(O)(c3ccc(C)nc3C)c3cnnn3C)cc2c(Cl)c1CN1CCC(C(F)(F)F)CC1,1.5,,,,
2459719,31.0,nM,Kd,CHEMBL4589288,COc1nc2ccc(C(O)(c3ccc(C)nc3C)c3cnnn3C)cc2c(Cl)c1OCc1nccs1,31.0,,,,
