query_id,target_id,score,file,smiles
digoxin,254855762,0.8133333333333334,KGAA.fpb,C[C@H]1O[C@@H](O[C@@H]2[C@H](O)C[C@@H](O[C@@H]3[C@H](O)C[C@@H](O[C@H]4CC[C@@]5(C)[C@@H](CC[C@H]6[C@H]5CC[C@]5(C)[C@H](C7=CC(=O)OC7)CC[C@]65O)C4)O[C@@H]3C)O[C@@H]2C)C[C@H](O)[C@@H]1O
digoxin,254855755,0.8133333333333334,KGAA.fpb,C[C@H]1O[C@@H](O[C@@H]2[C@H](O)C[C@@H](O[C@@H]3[C@H](O)C[C@@H](O[C@H]4CC[C@@]5(C)[C@@H](CC[C@H]6[C@H]5CC[C@]5(C)[C@H](C7=CC(=O)OC7)CC[C@]65O)C4)O[C@@H]3C)O[C@@H]2C)C[C@@H](O)[C@@H]1O
digoxin,1775964726,0.8133333333333334,KGAA.fpb,C[C@@H]1O[C@@H](O[C@@H]2[C@H](O)C[C@H](O[C@@H]3[C@H](O)C[C@H](O[C@H]4CC[C@]5(C)[C@H]6CC[C@]7(C)[C@@H](C8=CC(=O)OC8)CC[C@]7(O)[C@@H]6CC[C@@H]5C4)O[C@@H]3C)O[C@@H]2C)C[C@H](O)[C@@H]1O
digoxin,254855752,0.8133333333333334,KGAA.fpb,C[C@H]1O[C@@H](O[C@@H]2[C@H](O)C[C@@H](O[C@@H]3[C@H](O)C[C@@H](O[C@H]4CC[C@@]5(C)[C@@H](CC[C@H]6[C@H]5CC[C@]5(C)[C@H](C7=CC(=O)OC7)CC[C@]65O)C4)O[C@@H]3C)O[C@@H]2C)C[C@H](O)[C@H]1O
digoxin,1775964723,0.8133333333333334,KGAA.fpb,C[C@@H]1O[C@@H](O[C@@H]2[C@H](O)C[C@H](O[C@@H]3[C@H](O)C[C@H](O[C@H]4CC[C@]5(C)[C@H]6CC[C@]7(C)[C@@H](C8=CC(=O)OC8)CC[C@]7(O)[C@@H]6CC[C@@H]5C4)O[C@@H]3C)O[C@@H]2C)C[C@H](O)[C@H]1O
digoxin,257361282,0.8133333333333334,KGAA.fpb,C[C@@H]1O[C@@H](O[C@H]2[C@H](O)C[C@H](O[C@H]3[C@H](O)C[C@H](O[C@H]4CC[C@]5(C)[C@H]6CC[C@]7(C)[C@@H](C8=CC(=O)OC8)CC[C@]7(O)[C@@H]6CC[C@@H]5C4)O[C@@H]3C)O[C@@H]2C)C[C@H](O)[C@@H]1O
digoxin,1775964724,0.8133333333333334,KGAA.fpb,C[C@@H]1O[C@@H](O[C@@H]2[C@H](O)C[C@H](O[C@@H]3[C@H](O)C[C@H](O[C@H]4CC[C@]5(C)[C@H]6CC[C@]7(C)[C@@H](C8=CC(=O)OC8)CC[C@]7(O)[C@@H]6CC[C@@H]5C4)O[C@@H]3C)O[C@@H]2C)C[C@@H](O)[C@H]1O
digoxin,257361281,0.8133333333333334,KGAA.fpb,C[C@@H]1O[C@@H](O[C@@H]2[C@H](C)O[C@@H](O[C@H]3[C@H](O)C[C@H](O[C@H]4CC[C@]5(C)[C@H]6CC[C@]7(C)[C@@H](C8=CC(=O)OC8)CC[C@]7(O)[C@@H]6CC[C@@H]5C4)O[C@@H]3C)C[C@H]2O)C[C@H](O)[C@@H]1O
digoxin,254855758,0.8133333333333334,KGAA.fpb,C[C@H]1O[C@@H](O[C@@H]2[C@H](O)C[C@@H](O[C@@H]3[C@H](O)C[C@@H](O[C@H]4CC[C@@]5(C)[C@@H](CC[C@H]6[C@H]5CC[C@]5(C)[C@H](C7=CC(=O)OC7)CC[C@]65O)C4)O[C@@H]3C)O[C@@H]2C)C[C@@H](O)[C@H]1O
digoxin,95862733,0.8133333333333334,KGAA.fpb,C[C@H]1O[C@@H](O[C@H]2[C@@H](O)C[C@H](O[C@H]3[C@@H](O)C[C@H](O[C@H]4CC[C@]5(C)[C@H]6CC[C@]7(C)[C@@H](C8=CC(=O)OC8)CC[C@]7(O)[C@@H]6CC[C@@H]5C4)O[C@@H]3C)O[C@@H]2C)C[C@H](O)[C@@H]1O
digoxin,1775964725,0.8133333333333334,KGAA.fpb,C[C@@H]1O[C@@H](O[C@@H]2[C@H](O)C[C@H](O[C@@H]3[C@H](O)C[C@H](O[C@H]4CC[C@]5(C)[C@H]6CC[C@]7(C)[C@@H](C8=CC(=O)OC8)CC[C@]7(O)[C@@H]6CC[C@@H]5C4)O[C@@H]3C)O[C@@H]2C)C[C@@H](O)[C@@H]1O
ursolic acid,257511791,0.7540983606557377,JKAC.fpb,CC(=O)O[C@@H]1CC[C@]2(C)[C@H](CC[C@]3(C)[C@@H]2CC=C2[C@@H]4[C@H](C)[C@H](C)CC[C@@]4(C(=O)O)CC[C@@]23C)C1(C)C
ursolic acid,257551193,0.8135593220338984,JKAC.fpb,C[C@H]1[C@H]2C3=CC[C@@H]4[C@]5(C)CC[C@H](O)C(C)(C)[C@@H]5CC[C@]4(C)[C@]3(C)CC[C@@]2(C(=O)O)CC[C@H]1CO
ursolic acid,257511792,0.7540983606557377,JKAC.fpb,CC(=O)O[C@@H]1CC[C@]2(C)[C@H](CC[C@]3(C)[C@@H]2CC=C2[C@@H]4[C@H](C)[C@H](C)CC[C@]4(C(=O)O)CC[C@]23C)C1(C)C
ursolic acid,257511790,0.7540983606557377,JKAC.fpb,CC(=O)O[C@@H]1CC[C@]2(C)[C@H](CC[C@]3(C)[C@@H]2CC=C2[C@@H]4[C@H](C)[C@H](C)CC[C@@]4(C(=O)O)CC[C@]23C)C1(C)C
ursolic acid,257511789,0.7540983606557377,JKAC.fpb,CC(=O)O[C@@H]1CC[C@]2(C)[C@H](CC[C@]3(C)[C@@H]2CC=C2[C@@H]4[C@H](C)[C@H](C)CC[C@]4(C(=O)O)CC[C@@]23C)C1(C)C
ursolic acid,14980299,0.7166666666666667,JKAC.fpb,C[C@@H]1[C@H]2C3=CC[C@@H]4[C@@]5(C)CCC(=O)C(C)(C)[C@H]5CC[C@@]4(C)[C@]3(C)CC[C@@]2(C(=O)O)CC[C@H]1C
ursolic acid,49708319,0.7758620689655172,JKAC.fpb,C[C@@H]1[C@H]2C3=CC[C@@H]4[C@@]5(C)C[C@H](O)[C@@H](O)C(C)(C)[C@@H]5CC[C@@]4(C)[C@]3(C)CC[C@@]2(C(=O)O)CC[C@H]1C
ursolic acid,14980294,0.7758620689655172,JKAC.fpb,C[C@@H]1[C@H]2C3=CC[C@@H]4[C@@]5(C)C[C@H](O)[C@H](O)C(C)(C)[C@@H]5CC[C@@]4(C)[C@]3(C)CC[C@@]2(C(=O)O)CC[C@H]1C
ursolic acid,257551194,0.8135593220338984,JKAC.fpb,C[C@@H]1[C@H](CO)CC[C@]2(C(=O)O)CC[C@]3(C)C(=CC[C@@H]4[C@]5(C)CC[C@H](O)C(C)(C)[C@@H]5CC[C@]43C)[C@@H]12
ursolic acid,257551192,0.8135593220338984,JKAC.fpb,C[C@H]1[C@H]2C3=CC[C@@H]4[C@]5(C)CC[C@H](O)C(C)(C)[C@@H]5CC[C@@]4(C)[C@]3(C)CC[C@@]2(C(=O)O)CC[C@H]1CO
ursolic acid,257551195,0.8135593220338984,JKAC.fpb,C[C@@H]1[C@H](CO)CC[C@]2(C(=O)O)CC[C@]3(C)C(=CC[C@@H]4[C@]5(C)CC[C@H](O)C(C)(C)[C@@H]5CC[C@@]43C)[C@@H]12
22R-hydroxycholesterol,257446954,0.7543859649122807,HKAA.fpb,CC(C)[C@@H](O)CC[C@@H](C)[C@@H]1CC[C@@H]2[C@H]3CC=C4C[C@@H](O)CC[C@]4(C)[C@@H]3CC[C@]12C
22R-hydroxycholesterol,96031660,0.7543859649122807,HKAA.fpb,CC(C)[C@H](O)CC[C@H](C)[C@@H]1CC[C@H]2[C@@H]3CC=C4C[C@@H](O)CC[C@]4(C)[C@H]3CC[C@]12C
22R-hydroxycholesterol,257446953,0.7543859649122807,HKAA.fpb,CC(C)[C@@H](O)CC[C@H](C)[C@@H]1CC[C@@H]2[C@H]3CC=C4C[C@@H](O)CC[C@]4(C)[C@@H]3CC[C@]12C
22R-hydroxycholesterol,257446952,0.7543859649122807,HKAA.fpb,CC(C)[C@H](O)CC[C@H](C)[C@@H]1CC[C@@H]2[C@H]3CC=C4C[C@@H](O)CC[C@]4(C)[C@@H]3CC[C@]12C
22R-hydroxycholesterol,257446951,0.7543859649122807,HKAA.fpb,CC(C)[C@H](O)CC[C@@H](C)[C@@H]1CC[C@@H]2[C@H]3CC=C4C[C@@H](O)CC[C@]4(C)[C@@H]3CC[C@]12C
22R-hydroxycholesterol,96031659,0.7543859649122807,HKAA.fpb,CC(C)[C@@H](O)CC[C@H](C)[C@@H]1CC[C@H]2[C@@H]3CC=C4C[C@@H](O)CC[C@]4(C)[C@H]3CC[C@]12C
22R-hydroxycholesterol,2386791,0.7543859649122807,HKAA.fpb,CC(C)[C@@H](O)CC[C@@H](C)[C@H]1CC[C@H]2[C@@H]3CC=C4C[C@@H](O)CC[C@]4(C)[C@H]3CC[C@@]21C
22R-hydroxycholesterol,4654858,0.7543859649122807,HKAA.fpb,CC(C)[C@H](O)CC[C@@H](C)[C@H]1CC[C@H]2[C@@H]3CC=C4C[C@@H](O)CC[C@]4(C)[C@H]3CC[C@@]21C
25-Hydroxycholesterol,1501007360,0.7049180327868853,HKAA.fpb,C/C=C(/CC[C@H](C)[C@@H]1CC[C@@H]2[C@@H]3CC=C4C[C@@H](O)CC[C@]4(C)[C@H]3CC[C@@]12C)C(C)C
25-Hydroxycholesterol,1501008909,0.7049180327868853,HKAA.fpb,C[C@H](CCCC(C)(C)O)[C@@H]1CC[C@@H]2[C@@H]3[C@H](CC[C@@]12C)[C@@]1(C)CC[C@H](O)CC1=C[C@@H]3O
25-Hydroxycholesterol,4095721,0.7413793103448276,HKAA.fpb,CC(C)[C@H](C)CC[C@@H](C)[C@H]1CC[C@H]2[C@@H]3CC=C4C[C@@H](O)CC[C@]4(C)[C@H]3CC[C@@]21C
25-Hydroxycholesterol,4097085,0.7627118644067796,HKAA.fpb,C[C@H](CO)CCC[C@@H](C)[C@H]1CC[C@H]2[C@@H]3CC=C4C[C@@H](O)CC[C@]4(C)[C@H]3CC[C@@]21C
25-Hydroxycholesterol,43763839,0.7049180327868853,HKAA.fpb,C/C=C(\CC[C@H](C)[C@@H]1CC[C@@H]2[C@H]3CC=C4C[C@@H](O)CC[C@]4(C)[C@@H]3CC[C@]12C)C(C)C
25-Hydroxycholesterol,257446954,0.7288135593220338,HKAA.fpb,CC(C)[C@@H](O)CC[C@@H](C)[C@@H]1CC[C@@H]2[C@H]3CC=C4C[C@@H](O)CC[C@]4(C)[C@@H]3CC[C@]12C
25-Hydroxycholesterol,3982452,0.7049180327868853,HKAA.fpb,CC[C@@H](CC[C@@H](C)[C@H]1CC[C@@H]2[C@@H]3CC=C4C[C@H](O)CC[C@]4(C)[C@@H]3CC[C@@]21C)C(C)C
25-Hydroxycholesterol,1501008906,0.7049180327868853,HKAA.fpb,C[C@H](CCCC(C)(C)O)[C@@H]1CC[C@@H]2[C@@H]3[C@H](CC[C@]12C)[C@@]1(C)CC[C@H](O)CC1=C[C@@H]3O
25-Hydroxycholesterol,257506231,0.7049180327868853,HKAA.fpb,C[C@H](CC[C@@H]1OC1(C)C)[C@@H]1CC[C@@H]2[C@H]3CC=C4C[C@@H](O)CC[C@]4(C)[C@@H]3CC[C@]12C
25-Hydroxycholesterol,257506230,0.7049180327868853,HKAA.fpb,C[C@@H](CC[C@H]1OC1(C)C)[C@@H]1CC[C@@H]2[C@H]3CC=C4C[C@@H](O)CC[C@]4(C)[C@@H]3CC[C@]12C
25-Hydroxycholesterol,2559460,0.7049180327868853,HKAA.fpb,CC[C@H](CC[C@@H](C)[C@@H]1CC[C@H]2[C@@H]3CC=C4C[C@@H](O)CC[C@]4(C)[C@H]3CC[C@@]21C)C(C)C
25-Hydroxycholesterol,96031660,0.7288135593220338,HKAA.fpb,CC(C)[C@H](O)CC[C@H](C)[C@@H]1CC[C@H]2[C@@H]3CC=C4C[C@@H](O)CC[C@]4(C)[C@H]3CC[C@]12C
25-Hydroxycholesterol,257446953,0.7288135593220338,HKAA.fpb,CC(C)[C@@H](O)CC[C@H](C)[C@@H]1CC[C@@H]2[C@H]3CC=C4C[C@@H](O)CC[C@]4(C)[C@@H]3CC[C@]12C
25-Hydroxycholesterol,257506233,0.7049180327868853,HKAA.fpb,C[C@H](CC[C@H]1OC1(C)C)[C@@H]1CC[C@@H]2[C@H]3CC=C4C[C@@H](O)CC[C@]4(C)[C@@H]3CC[C@]12C
25-Hydroxycholesterol,3982451,0.7049180327868853,HKAA.fpb,CC[C@@H](CC[C@@H](C)[C@H]1CC[C@H]2[C@@H]3CC=C4C[C@H](O)CC[C@]4(C)[C@@H]3CC[C@@]21C)C(C)C
25-Hydroxycholesterol,1501008888,0.7049180327868853,HKAA.fpb,C[C@H](CCCC(C)(C)O)[C@@H]1CC[C@@H]2[C@@H]3[C@H](CC[C@@]12C)[C@]1(C)CC[C@H](O)CC1=C[C@@H]3O
25-Hydroxycholesterol,6036395,0.7377049180327869,HKAA.fpb,C[C@@H](CCC[C@@H](C)[C@H]1CC[C@H]2[C@@H]3CC=C4C[C@@H](O)CC[C@]4(C)[C@H]3CC[C@@]21C)C(=O)O
25-Hydroxycholesterol,6569100,0.7413793103448276,HKAA.fpb,CC(C)[C@@H](C)CC[C@@H](C)[C@H]1CC[C@H]2[C@@H]3CC=C4C[C@@H](O)CC[C@]4(C)[C@H]3CC[C@@]21C
25-Hydroxycholesterol,1501008914,0.7049180327868853,HKAA.fpb,C[C@H](CCCC(C)(C)O)[C@@H]1CC[C@@H]2[C@@H]3[C@H](CC[C@]12C)[C@]1(C)CC[C@H](O)CC1=C[C@@H]3O
25-Hydroxycholesterol,257506232,0.7049180327868853,HKAA.fpb,C[C@@H](CC[C@@H]1OC1(C)C)[C@@H]1CC[C@@H]2[C@H]3CC=C4C[C@@H](O)CC[C@]4(C)[C@@H]3CC[C@]12C
25-Hydroxycholesterol,4097812,0.7049180327868853,HKAA.fpb,C/C=C(/CC[C@@H](C)[C@H]1CC[C@H]2[C@@H]3CC=C4C[C@@H](O)CC[C@]4(C)[C@H]3CC[C@@]21C)C(C)C
25-Hydroxycholesterol,1501007359,0.7049180327868853,HKAA.fpb,C/C=C(/CC[C@H](C)[C@@H]1CC[C@@H]2[C@@H]3CC=C4C[C@@H](O)CC[C@]4(C)[C@@H]3CC[C@@]12C)C(C)C
25-Hydroxycholesterol,6036327,0.7049180327868853,HKAA.fpb,C[C@H](CCCC(C)(C)O)[C@H]1CC[C@H]2[C@@H]3[C@H](O)C=C4C[C@@H](O)CC[C@]4(C)[C@H]3CC[C@@]21C
25-Hydroxycholesterol,3982454,0.7049180327868853,HKAA.fpb,CC[C@@H](CC[C@@H](C)[C@H]1CC[C@@H]2[C@@H]3CC=C4C[C@H](O)CC[C@]4(C)[C@H]3CC[C@@]21C)C(C)C
25-Hydroxycholesterol,3201343,0.7049180327868853,HKAA.fpb,C/C=C(/CC[C@H](C)[C@@H]1CC[C@@H]2[C@@H]3CC=C4C[C@@H](O)CC[C@]4(C)[C@@H]3CC[C@]12C)C(C)C
25-Hydroxycholesterol,257446952,0.7288135593220338,HKAA.fpb,CC(C)[C@H](O)CC[C@H](C)[C@@H]1CC[C@@H]2[C@H]3CC=C4C[C@@H](O)CC[C@]4(C)[C@@H]3CC[C@]12C
25-Hydroxycholesterol,4097086,0.7627118644067796,HKAA.fpb,C[C@@H](CO)CCC[C@@H](C)[C@H]1CC[C@H]2[C@@H]3CC=C4C[C@@H](O)CC[C@]4(C)[C@H]3CC[C@@]21C
25-Hydroxycholesterol,253609334,0.7049180327868853,HKAA.fpb,C/C=C(\CC[C@H](C)[C@@H]1CC[C@@H]2[C@H]3CC=C4C[C@@H](O)CC[C@]4(C)[C@@H]3CC[C@@]12C)C(C)C
25-Hydroxycholesterol,4095717,0.7049180327868853,HKAA.fpb,CC[C@H](CC[C@@H](C)[C@H]1CC[C@H]2[C@@H]3CC=C4C[C@@H](O)CC[C@]4(C)[C@H]3CC[C@@]21C)C(C)C
25-Hydroxycholesterol,257446951,0.7288135593220338,HKAA.fpb,CC(C)[C@H](O)CC[C@@H](C)[C@@H]1CC[C@@H]2[C@H]3CC=C4C[C@@H](O)CC[C@]4(C)[C@@H]3CC[C@]12C
25-Hydroxycholesterol,253609337,0.7049180327868853,HKAA.fpb,C/C=C(\CC[C@@H](C)[C@@H]1CC[C@@H]2[C@H]3CC=C4C[C@@H](O)CC[C@]4(C)[C@@H]3CC[C@@]12C)C(C)C
25-Hydroxycholesterol,6393492,0.7049180327868853,HKAA.fpb,CC[C@@H](CC[C@@H](C)[C@H]1CC[C@H]2[C@@H]3CC=C4C[C@@H](O)CC[C@]4(C)[C@H]3CC[C@@]21C)C(C)C
25-Hydroxycholesterol,96031659,0.7288135593220338,HKAA.fpb,CC(C)[C@@H](O)CC[C@H](C)[C@@H]1CC[C@H]2[C@@H]3CC=C4C[C@@H](O)CC[C@]4(C)[C@H]3CC[C@]12C
25-Hydroxycholesterol,3982453,0.7049180327868853,HKAA.fpb,CC[C@@H](CC[C@@H](C)[C@H]1CC[C@H]2[C@@H]3CC=C4C[C@H](O)CC[C@]4(C)[C@H]3CC[C@@]21C)C(C)C
25-Hydroxycholesterol,4097814,0.7049180327868853,HKAA.fpb,C/C=C(\CC[C@@H](C)[C@H]1CC[C@H]2[C@@H]3CC=C4C[C@@H](O)CC[C@]4(C)[C@H]3CC[C@@]21C)C(C)C
25-Hydroxycholesterol,2386791,0.7288135593220338,HKAA.fpb,CC(C)[C@@H](O)CC[C@@H](C)[C@H]1CC[C@H]2[C@@H]3CC=C4C[C@@H](O)CC[C@]4(C)[C@H]3CC[C@@]21C
25-Hydroxycholesterol,1501007361,0.7049180327868853,HKAA.fpb,C/C=C(/CC[C@H](C)[C@@H]1CC[C@@H]2[C@@H]3CC=C4C[C@@H](O)CC[C@]4(C)[C@H]3CC[C@]12C)C(C)C
25-Hydroxycholesterol,4654858,0.7288135593220338,HKAA.fpb,CC(C)[C@H](O)CC[C@@H](C)[C@H]1CC[C@H]2[C@@H]3CC=C4C[C@@H](O)CC[C@]4(C)[C@H]3CC[C@@]21C
25-Hydroxycholesterol,6036380,0.7377049180327869,HKAA.fpb,C[C@H](CCC[C@@H](C)[C@H]1CC[C@H]2[C@@H]3CC=C4C[C@@H](O)CC[C@]4(C)[C@H]3CC[C@@]21C)C(=O)O
25-Hydroxycholesterol,95618008,0.7049180327868853,HKAA.fpb,C/C=C(\CC[C@@H](C)[C@@H]1CC[C@@H]2[C@H]3CC=C4C[C@@H](O)CC[C@]4(C)[C@@H]3CC[C@]12C)C(C)C
25-Hydroxycholesterol,5273757,0.7049180327868853,HKAA.fpb,CC[C@@H](CC[C@H](C)[C@@H]1CC[C@@H]2[C@H]3CC=C4C[C@H](O)CC[C@@]4(C)[C@@H]3CC[C@@]12C)C(C)C
digoxin,299803334,0.88,KFAC.fpb,CO[C@H]1C[C@H](O[C@H]2[C@@H](O)C[C@H](O[C@H]3[C@@H](O)C[C@H](O[C@H]4CC[C@]5(C)[C@H]6C[C@@H](O)[C@]7(C)[C@@H](C8=CC(=O)OC8)CC[C@]7(O)[C@@H]6CC[C@@H]5C4)O[C@@H]3C)O[C@@H]2C)O[C@H](C)[C@H]1O
22R-hydroxycholesterol,261362697,0.7368421052631579,GKAC.fpb,CC(C)CCC[C@H](C)[C@@H]1CC[C@@H]2[C@@H]3CC=C4C[C@H](O)CC[C@]4(C)[C@H]3CC[C@]12C
22R-hydroxycholesterol,2265351408,0.7368421052631579,GKAC.fpb,CC(C)CCC[C@H](C)[C@@H]1CC[C@@H]2[C@@H]3CC=C4C[C@H](O)CC[C@]4(C)[C@@H]3CC[C@@]12C
22R-hydroxycholesterol,261362690,0.7368421052631579,GKAC.fpb,CC(C)CCC[C@H](C)[C@@H]1CC[C@@H]2[C@@H]3CC=C4C[C@H](O)CC[C@]4(C)[C@@H]3CC[C@]12C
22R-hydroxycholesterol,885018340,0.7368421052631579,GKAC.fpb,CC(C)CCC[C@H](C)[C@@H]1CC[C@@H]2[C@@H]3CC=C4C[C@H](O)CC[C@]4(C)[C@H]3CC[C@@]12C
25-Hydroxycholesterol,261362697,0.8035714285714286,GKAC.fpb,CC(C)CCC[C@H](C)[C@@H]1CC[C@@H]2[C@@H]3CC=C4C[C@H](O)CC[C@]4(C)[C@H]3CC[C@]12C
25-Hydroxycholesterol,2265351408,0.8035714285714286,GKAC.fpb,CC(C)CCC[C@H](C)[C@@H]1CC[C@@H]2[C@@H]3CC=C4C[C@H](O)CC[C@]4(C)[C@@H]3CC[C@@]12C
25-Hydroxycholesterol,261362690,0.8035714285714286,GKAC.fpb,CC(C)CCC[C@H](C)[C@@H]1CC[C@@H]2[C@@H]3CC=C4C[C@H](O)CC[C@]4(C)[C@@H]3CC[C@]12C
25-Hydroxycholesterol,885018340,0.8035714285714286,GKAC.fpb,CC(C)CCC[C@H](C)[C@@H]1CC[C@@H]2[C@@H]3CC=C4C[C@H](O)CC[C@]4(C)[C@H]3CC[C@@]12C
ursolic acid,257400456,0.7931034482758621,JKAB.fpb,C[C@@H]1[C@H](O)C[C@]2(C(=O)O)CC[C@]3(C)C(=CC[C@@H]4[C@]5(C)CC[C@H](O)C(C)(C)[C@@H]5CC[C@@]43C)[C@H]2[C@H]1C
ursolic acid,257400453,0.7931034482758621,JKAB.fpb,C[C@@H]1[C@H](O)C[C@]2(C(=O)O)CC[C@]3(C)C(=CC[C@@H]4[C@]5(C)CC[C@H](O)C(C)(C)[C@@H]5CC[C@@]43C)[C@@H]2[C@H]1C
ursolic acid,138155483,0.7758620689655172,JKAB.fpb,C[C@@H]1[C@H]2C3=CC[C@H]4[C@@]5(C)C[C@@H](O)[C@@H](O)C(C)(C)[C@H]5CC[C@@]4(C)[C@]3(C)CC[C@@]2(C(=O)O)CC[C@H]1C
ursolic acid,257808147,0.7288135593220338,JKAB.fpb,C[C@@H]1CC[C@]2(C(=O)O)CC[C@]3(C)C(=CC[C@@H]4[C@]5(C)CC[C@H](O)C(C)(C)[C@@H]5CC[C@@]43C)[C@H]2[C@]1(C)O
ursolic acid,67912745,0.7758620689655172,JKAB.fpb,C[C@@H]1[C@H]2C3=CC[C@H]4[C@@]5(C)C[C@@H](O)[C@H](O)C(C)(C)[C@H]5CC[C@@]4(C)[C@]3(C)CC[C@@]2(C(=O)O)CC[C@H]1C
ursolic acid,8952030,0.8103448275862069,JKAB.fpb,COC(=O)[C@]12CC[C@@H](C)[C@H](C)[C@H]1C1=CC[C@H]3[C@@]4(C)CC[C@@H](O)C(C)(C)[C@H]4CC[C@@]3(C)[C@]1(C)CC2
ursolic acid,255976098,0.7758620689655172,JKAB.fpb,C[C@H]1[C@H](C)CC[C@]2(C(=O)O)CC[C@]3(C)C(=CC[C@@H]4[C@]5(C)C[C@H](O)[C@H](O)C(C)(C)[C@@H]5CC[C@@]43C)[C@@H]12
ursolic acid,67912742,0.7758620689655172,JKAB.fpb,C[C@@H]1[C@H]2C3=CC[C@H]4[C@@]5(C)C[C@@H](O)[C@H](O)C(C)(C)[C@@H]5CC[C@@]4(C)[C@]3(C)CC[C@@]2(C(=O)O)CC[C@H]1C
ursolic acid,138155364,0.7758620689655172,JKAB.fpb,C[C@@H]1[C@H]2C3=CC[C@H]4[C@@]5(C)C[C@@H](O)[C@@H](O)C(C)(C)[C@@H]5CC[C@@]4(C)[C@]3(C)CC[C@@]2(C(=O)O)CC[C@H]1C
ursolic acid,8952029,0.8103448275862069,JKAB.fpb,COC(=O)[C@]12CC[C@@H](C)[C@H](C)[C@H]1C1=CC[C@@H]3[C@@]4(C)CC[C@@H](O)C(C)(C)[C@@H]4CC[C@@]3(C)[C@]1(C)CC2
ursolic acid,29470611,0.7166666666666667,JKAB.fpb,C[C@H]1[C@H](C)CC[C@]2(C(=O)O)CC[C@]3(C)C(=CC[C@@H]4[C@@]5(C)CCC(=O)C(C)(C)[C@@H]5CC[C@]43C)[C@@H]12
ursolic acid,34064691,0.7166666666666667,JKAB.fpb,C[C@H]1[C@H](C)CC[C@]2(C(=O)O)CC[C@]3(C)C(=CC[C@@H]4[C@@]5(C)CCC(=O)C(C)(C)[C@H]5CC[C@]43C)[C@@H]12
ursolic acid,70451082,0.7758620689655172,JKAB.fpb,C[C@H]1[C@H](C)CC[C@]2(C(=O)O)CC[C@]3(C)C(=CC[C@@H]4[C@@]5(C)C[C@@H](O)[C@H](O)C(C)(C)[C@H]5CC[C@]43C)[C@@H]12
ursolic acid,257400455,0.7931034482758621,JKAB.fpb,C[C@H]1[C@@H](C)[C@@H]2C3=CC[C@@H]4[C@]5(C)CC[C@H](O)C(C)(C)[C@@H]5CC[C@]4(C)[C@]3(C)CC[C@@]2(C(=O)O)C[C@H]1O
ursolic acid,255976096,0.7758620689655172,JKAB.fpb,C[C@@H]1CC[C@]2(C(=O)O)CC[C@]3(C)C(=CC[C@@H]4[C@]5(C)C[C@H](O)[C@H](O)C(C)(C)[C@@H]5CC[C@@]43C)[C@@H]2[C@@H]1C
ursolic acid,255976095,0.7758620689655172,JKAB.fpb,C[C@@H]1[C@H]2C3=CC[C@@H]4[C@]5(C)C[C@H](O)[C@H](O)C(C)(C)[C@@H]5CC[C@]4(C)[C@]3(C)CC[C@@]2(C(=O)O)CC[C@H]1C
ursolic acid,14980292,0.7758620689655172,JKAB.fpb,C[C@@H]1[C@H]2C3=CC[C@@H]4[C@@]5(C)C[C@@H](O)[C@@H](O)C(C)(C)[C@H]5CC[C@@]4(C)[C@]3(C)CC[C@@]2(C(=O)O)CC[C@H]1C
ursolic acid,257400454,0.7931034482758621,JKAB.fpb,C[C@@H]1[C@H](C)[C@H](O)C[C@]2(C(=O)O)CC[C@]3(C)C(=CC[C@@H]4[C@]5(C)CC[C@H](O)C(C)(C)[C@@H]5CC[C@@]43C)[C@H]12
ursolic acid,14980286,0.7758620689655172,JKAB.fpb,C[C@@H]1[C@H]2C3=CC[C@@H]4[C@@]5(C)C[C@@H](O)[C@H](O)C(C)(C)[C@H]5CC[C@@]4(C)[C@]3(C)CC[C@@]2(C(=O)O)CC[C@H]1C
ursolic acid,85508855,0.7758620689655172,JKAB.fpb,C[C@H]1[C@H](C)CC[C@]2(C(=O)O)CC[C@]3(C)C(=CC[C@@H]4[C@@]5(C)C[C@@H](O)[C@H](O)C(C)(C)[C@@H]5CC[C@]43C)[C@@H]12
ursolic acid,38661073,0.8392857142857143,JKAB.fpb,C[C@@H]1[C@H]2C3=CC[C@@H]4[C@@]5(C)CC[C@H](O)C(C)(C)[C@H]5CC[C@@]4(C)[C@]3(C(=O)O)CC[C@@]2(C(=O)O)CC[C@H]1C
ursolic acid,257808144,0.7288135593220338,JKAB.fpb,C[C@@H]1CC[C@]2(C(=O)O)CC[C@]3(C)C(=CC[C@@H]4[C@]5(C)CC[C@H](O)C(C)(C)[C@@H]5CC[C@@]43C)[C@@H]2[C@]1(C)O
ursolic acid,257808146,0.7288135593220338,JKAB.fpb,C[C@@H]1CC[C@]2(C(=O)O)CC[C@]3(C)C(=CC[C@@H]4[C@]5(C)CC[C@H](O)C(C)(C)[C@@H]5CC[C@@]43C)[C@H]2[C@@]1(C)O
ursolic acid,13558214,0.8103448275862069,JKAB.fpb,COC(=O)[C@]12CC[C@@H](C)[C@H](C)[C@H]1C1=CC[C@@H]3[C@@]4(C)CC[C@H](O)C(C)(C)[C@@H]4CC[C@@]3(C)[C@]1(C)CC2
ursolic acid,255976097,0.7758620689655172,JKAB.fpb,C[C@@H]1CC[C@]2(C(=O)O)CC[C@]3(C)C(=CC[C@@H]4[C@]5(C)C[C@H](O)[C@H](O)C(C)(C)[C@@H]5CC[C@@]43C)[C@H]2[C@@H]1C
ursolic acid,257808145,0.7288135593220338,JKAB.fpb,C[C@@H]1CC[C@]2(C(=O)O)CC[C@]3(C)C(=CC[C@@H]4[C@]5(C)CC[C@H](O)C(C)(C)[C@@H]5CC[C@@]43C)[C@@H]2[C@@]1(C)O
ursolic acid,8952031,0.8103448275862069,JKAB.fpb,COC(=O)[C@]12CC[C@@H](C)[C@H](C)[C@H]1C1=CC[C@@H]3[C@@]4(C)CC[C@@H](O)C(C)(C)[C@H]4CC[C@@]3(C)[C@]1(C)CC2
ursolic acid,8952026,0.8103448275862069,JKAB.fpb,COC(=O)[C@]12CC[C@@H](C)[C@H](C)[C@H]1C1=CC[C@H]3[C@@]4(C)CC[C@@H](O)C(C)(C)[C@@H]4CC[C@@]3(C)[C@]1(C)CC2
25-Hydroxycholesterol,118915973,0.7903225806451613,JKAB.fpb,C[C@H](CCC[C@@](C)(O)c1ccccc1)[C@H]1CC[C@H]2[C@@H]3CC=C4C[C@@H](O)CC[C@]4(C)[C@H]3CC[C@@]21C
25-Hydroxycholesterol,118915971,0.7903225806451613,JKAB.fpb,C[C@H](CCC[C@](C)(O)c1ccccc1)[C@H]1CC[C@H]2[C@@H]3CC=C4C[C@@H](O)CC[C@]4(C)[C@H]3CC[C@@]21C
25-Hydroxycholesterol,118917992,0.746031746031746,JKAB.fpb,C[C@H](CC[C@](C)(O)c1ccccc1)[C@H]1CC[C@H]2[C@@H]3CC=C4C[C@@H](O)CC[C@]4(C)[C@H]3CC[C@@]21C
25-Hydroxycholesterol,118917991,0.746031746031746,JKAB.fpb,C[C@@H](CC[C@](C)(O)c1ccccc1)[C@H]1CC[C@H]2[C@@H]3CC=C4C[C@@H](O)CC[C@]4(C)[C@H]3CC[C@@]21C
25-Hydroxycholesterol,118915970,0.7903225806451613,JKAB.fpb,C[C@@H](CCC[C@](C)(O)c1ccccc1)[C@H]1CC[C@H]2[C@@H]3CC=C4C[C@@H](O)CC[C@]4(C)[C@H]3CC[C@@]21C
25-Hydroxycholesterol,253609421,0.7903225806451613,JKAB.fpb,C[C@H](CCC[C@](C)(O)c1ccccc1)[C@@H]1CC[C@@H]2[C@@H]3CC=C4C[C@H](O)CC[C@]4(C)[C@H]3CC[C@]12C
25-Hydroxycholesterol,118917993,0.746031746031746,JKAB.fpb,C[C@@H](CC[C@@](C)(O)c1ccccc1)[C@H]1CC[C@H]2[C@@H]3CC=C4C[C@@H](O)CC[C@]4(C)[C@H]3CC[C@@]21C
25-Hydroxycholesterol,253609419,0.7903225806451613,JKAB.fpb,C[C@H](CCC[C@](C)(O)c1ccccc1)[C@@H]1CC[C@@H]2[C@@H]3CC=C4C[C@H](O)CC[C@]4(C)[C@@H]3CC[C@]12C
25-Hydroxycholesterol,118915972,0.7903225806451613,JKAB.fpb,C[C@@H](CCC[C@@](C)(O)c1ccccc1)[C@H]1CC[C@H]2[C@@H]3CC=C4C[C@@H](O)CC[C@]4(C)[C@H]3CC[C@@]21C
25-Hydroxycholesterol,118917994,0.746031746031746,JKAB.fpb,C[C@H](CC[C@@](C)(O)c1ccccc1)[C@H]1CC[C@H]2[C@@H]3CC=C4C[C@@H](O)CC[C@]4(C)[C@H]3CC[C@@]21C
25-Hydroxycholesterol,1501007355,0.7049180327868853,GKEA.fpb,C=C(CC[C@H](C)[C@@H]1CC[C@@H]2[C@@H]3CC=C4C[C@@H](O)CC[C@]4(C)[C@H]3CC[C@]12C)C(C)C
25-Hydroxycholesterol,1501007354,0.7049180327868853,GKEA.fpb,C=C(CC[C@H](C)[C@@H]1CC[C@@H]2[C@@H]3CC=C4C[C@@H](O)CC[C@]4(C)[C@@H]3CC[C@]12C)C(C)C
25-Hydroxycholesterol,1501007352,0.7049180327868853,GKEA.fpb,C=C(CC[C@H](C)[C@@H]1CC[C@@H]2[C@@H]3CC=C4C[C@@H](O)CC[C@]4(C)[C@H]3CC[C@@]12C)C(C)C
25-Hydroxycholesterol,1501007353,0.7049180327868853,GKEA.fpb,C=C(CC[C@H](C)[C@@H]1CC[C@@H]2[C@@H]3CC=C4C[C@@H](O)CC[C@]4(C)[C@@H]3CC[C@@]12C)C(C)C
digoxin,254303873,0.7341772151898734,KEAA.fpb,C[C@@H]1O[C@H](O[C@@H]2[C@H](O)C[C@H](O[C@@H]3[C@H](O)C[C@H](O[C@@H]4CC[C@]5(C)[C@H]6CC[C@]7(C)[C@H](C8=CC(=O)OC8)[C@H](O)C[C@@]7(O)[C@@H]6CC[C@@H]5C4)O[C@@H]3C)O[C@@H]2C)C[C@@H](O)[C@@H]1O
digoxin,254303874,0.7341772151898734,KEAA.fpb,C[C@@H]1O[C@H](O[C@@H]2[C@H](O)C[C@H](O[C@@H]3[C@H](O)C[C@H](O[C@@H]4CC[C@]5(C)[C@H]6CC[C@]7(C)[C@H](C8=CC(=O)OC8)[C@H](O)C[C@@]7(O)[C@@H]6CC[C@@H]5C4)O[C@@H]3C)O[C@@H]2C)C[C@@H](O)[C@H]1O
digoxin,254303871,0.7341772151898734,KEAA.fpb,C[C@@H]1O[C@H](O[C@@H]2[C@H](O)C[C@H](O[C@@H]3[C@H](O)C[C@H](O[C@@H]4CC[C@]5(C)[C@H]6CC[C@]7(C)[C@H](C8=CC(=O)OC8)[C@H](O)C[C@@]7(O)[C@@H]6CC[C@@H]5C4)O[C@@H]3C)O[C@@H]2C)C[C@H](O)[C@@H]1O
digoxin,254303872,0.7341772151898734,KEAA.fpb,C[C@@H]1O[C@H](O[C@@H]2[C@H](O)C[C@H](O[C@@H]3[C@H](O)C[C@H](O[C@@H]4CC[C@]5(C)[C@H]6CC[C@]7(C)[C@H](C8=CC(=O)OC8)[C@H](O)C[C@@]7(O)[C@@H]6CC[C@@H]5C4)O[C@@H]3C)O[C@@H]2C)C[C@H](O)[C@H]1O
22R-hydroxycholesterol,2516840,0.7368421052631579,GKAA.fpb,CC(C)CCC[C@@H](C)[C@H]1CC[C@H]2[C@@H]3CC=C4C[C@H](O)CC[C@]4(C)[C@H]3CC[C@@]21C
22R-hydroxycholesterol,1745010,0.7368421052631579,GKAA.fpb,CC(C)CCC[C@H](C)[C@@H]1CC[C@H]2[C@@H]3CC=C4C[C@H](O)CC[C@@]4(C)[C@H]3CC[C@@]12C
22R-hydroxycholesterol,2080749293,0.7368421052631579,GKAA.fpb,CC(C)CCC[C@H](C)[C@@H]1CC[C@H]2[C@@H]3CC=C4C[C@H](O)CC[C@@]4(C)[C@H]3CC[C@]12C
22R-hydroxycholesterol,12404014,0.7368421052631579,GKAA.fpb,CC(C)CCC[C@H](C)[C@H]1CC[C@@H]2[C@H]3CC=C4C[C@@H](O)CC[C@]4(C)[C@@H]3CC[C@]12C
22R-hydroxycholesterol,16889999,0.7368421052631579,GKAA.fpb,CC(C)CCC[C@@H](C)[C@@H]1CC[C@@H]2[C@H]3CC=C4C[C@@H](O)CC[C@]4(C)[C@@H]3CC[C@@]12C
22R-hydroxycholesterol,4113799,0.7368421052631579,GKAA.fpb,CC(C)CCC[C@H](C)[C@H]1CC[C@H]2[C@@H]3CC=C4C[C@@H](O)CC[C@]4(C)[C@H]3CC[C@@]21C
22R-hydroxycholesterol,118912388,0.7368421052631579,GKAA.fpb,CC(C)CCC[C@H](C)[C@H]1CC[C@H]2[C@@H]3CC=C4C[C@H](O)CC[C@]4(C)[C@H]3CC[C@@]21C
22R-hydroxycholesterol,253497513,0.7368421052631579,GKAA.fpb,CC(C)CCC[C@H](C)[C@@H]1CC[C@@H]2[C@H]3CC=C4C[C@@H](O)CC[C@]4(C)[C@@H]3CC[C@@]12C
22R-hydroxycholesterol,3875383,0.7368421052631579,GKAA.fpb,CC(C)CCC[C@@H](C)[C@H]1CC[C@H]2[C@@H]3CC=C4C[C@@H](O)CC[C@]4(C)[C@H]3CC[C@@]21C
22R-hydroxycholesterol,4175349,0.7368421052631579,GKAA.fpb,CC(C)CCC[C@@H](C)[C@H]1CC[C@@H]2[C@H]3CC=C4C[C@@H](O)CC[C@]4(C)[C@@H]3CC[C@]12C
22R-hydroxycholesterol,12404012,0.7368421052631579,GKAA.fpb,CC(C)CCC[C@@H](C)[C@@H]1CC[C@@H]2[C@H]3CC=C4C[C@@H](O)CC[C@]4(C)[C@@H]3CC[C@]12C
22R-hydroxycholesterol,44963029,0.7368421052631579,GKAA.fpb,CC(C)CCC[C@H](C)[C@H]1CC[C@@H]2[C@@H]3CC=C4C[C@@H](O)CC[C@]4(C)[C@H]3CC[C@]12C
22R-hydroxycholesterol,3847948,0.7368421052631579,GKAA.fpb,CC(C)CCC[C@H](C)[C@H]1CC[C@@H]2[C@@H]3CC=C4C[C@@H](O)CC[C@]4(C)[C@@H]3CC[C@]12C
22R-hydroxycholesterol,3869467,0.7368421052631579,GKAA.fpb,CC(C)CCC[C@@H](C)[C@H]1CC[C@H]2[C@H]3CC=C4C[C@@H](O)CC[C@]4(C)[C@@H]3CC[C@@]21C
22R-hydroxycholesterol,64219033,0.7368421052631579,GKAA.fpb,CC(C)CCC[C@H](C)[C@@H]1CC[C@H]2[C@@H]3CC=C4C[C@@H](O)CC[C@]4(C)[C@H]3CC[C@]12C
22R-hydroxycholesterol,1532563,0.7368421052631579,GKAA.fpb,CC(C)CCC[C@@H](C)[C@@H]1CC[C@H]2[C@@H]3CC=C4C[C@H](O)CC[C@]4(C)[C@H]3CC[C@@]21C
22R-hydroxycholesterol,253498267,0.7368421052631579,GKAA.fpb,CC(C)CCC[C@H](C)[C@H]1CC[C@@H]2[C@H]3CC=C4C[C@@H](O)CC[C@]4(C)[C@H]3CC[C@]12C
22R-hydroxycholesterol,12404013,0.7368421052631579,GKAA.fpb,CC(C)CCC[C@H](C)[C@@H]1CC[C@@H]2[C@H]3CC=C4C[C@@H](O)CC[C@]4(C)[C@@H]3CC[C@]12C
22R-hydroxycholesterol,2557432,0.7368421052631579,GKAA.fpb,CC(C)CCC[C@@H](C)[C@@H]1CC[C@H]2[C@@H]3CC=C4C[C@@H](O)CC[C@]4(C)[C@H]3CC[C@@]21C
22R-hydroxycholesterol,2080749294,0.7368421052631579,GKAA.fpb,CC(C)CCC[C@H](C)[C@@H]1CC[C@H]2[C@@H]3CC=C4C[C@H](O)CC[C@]4(C)[C@H]3CC[C@@]12C
25-Hydroxycholesterol,2516840,0.8035714285714286,GKAA.fpb,CC(C)CCC[C@@H](C)[C@H]1CC[C@H]2[C@@H]3CC=C4C[C@H](O)CC[C@]4(C)[C@H]3CC[C@@]21C
25-Hydroxycholesterol,1848443665,0.7796610169491526,GKAA.fpb,CC(=O)CCC[C@H](C)[C@@H]1CC[C@@H]2[C@@H]3CC=C4C[C@@H](O)CC[C@]4(C)[C@@H]3CC[C@]12C
25-Hydroxycholesterol,1848443664,0.7796610169491526,GKAA.fpb,CC(=O)CCC[C@H](C)[C@@H]1CC[C@@H]2[C@@H]3CC=C4C[C@H](O)CC[C@]4(C)[C@@H]3CC[C@]12C
25-Hydroxycholesterol,1745010,0.8035714285714286,GKAA.fpb,CC(C)CCC[C@H](C)[C@@H]1CC[C@H]2[C@@H]3CC=C4C[C@H](O)CC[C@@]4(C)[C@H]3CC[C@@]12C
25-Hydroxycholesterol,2080749293,0.8035714285714286,GKAA.fpb,CC(C)CCC[C@H](C)[C@@H]1CC[C@H]2[C@@H]3CC=C4C[C@H](O)CC[C@@]4(C)[C@H]3CC[C@]12C
25-Hydroxycholesterol,12404014,0.8035714285714286,GKAA.fpb,CC(C)CCC[C@H](C)[C@H]1CC[C@@H]2[C@H]3CC=C4C[C@@H](O)CC[C@]4(C)[C@@H]3CC[C@]12C
25-Hydroxycholesterol,16889999,0.8035714285714286,GKAA.fpb,CC(C)CCC[C@@H](C)[C@@H]1CC[C@@H]2[C@H]3CC=C4C[C@@H](O)CC[C@]4(C)[C@@H]3CC[C@@]12C
25-Hydroxycholesterol,4113799,0.8035714285714286,GKAA.fpb,CC(C)CCC[C@H](C)[C@H]1CC[C@H]2[C@@H]3CC=C4C[C@@H](O)CC[C@]4(C)[C@H]3CC[C@@]21C
25-Hydroxycholesterol,1848443666,0.7796610169491526,GKAA.fpb,CC(=O)CCC[C@H](C)[C@@H]1CC[C@@H]2[C@@H]3CC=C4C[C@@H](O)CC[C@]4(C)[C@H]3CC[C@]12C
25-Hydroxycholesterol,118912388,0.8035714285714286,GKAA.fpb,CC(C)CCC[C@H](C)[C@H]1CC[C@H]2[C@@H]3CC=C4C[C@H](O)CC[C@]4(C)[C@H]3CC[C@@]21C
25-Hydroxycholesterol,253497513,0.8035714285714286,GKAA.fpb,CC(C)CCC[C@H](C)[C@@H]1CC[C@@H]2[C@H]3CC=C4C[C@@H](O)CC[C@]4(C)[C@@H]3CC[C@@]12C
25-Hydroxycholesterol,3875383,0.8035714285714286,GKAA.fpb,CC(C)CCC[C@@H](C)[C@H]1CC[C@H]2[C@@H]3CC=C4C[C@@H](O)CC[C@]4(C)[C@H]3CC[C@@]21C
25-Hydroxycholesterol,4175349,0.8035714285714286,GKAA.fpb,CC(C)CCC[C@@H](C)[C@H]1CC[C@@H]2[C@H]3CC=C4C[C@@H](O)CC[C@]4(C)[C@@H]3CC[C@]12C
25-Hydroxycholesterol,3876073,0.7166666666666667,GKAA.fpb,CC(C)=CCC[C@@H](C)[C@H]1CC[C@H]2[C@@H]3CC=C4C[C@@H](O)CC[C@]4(C)[C@H]3CC[C@@]21C
25-Hydroxycholesterol,12404012,0.8035714285714286,GKAA.fpb,CC(C)CCC[C@@H](C)[C@@H]1CC[C@@H]2[C@H]3CC=C4C[C@@H](O)CC[C@]4(C)[C@@H]3CC[C@]12C
25-Hydroxycholesterol,44963029,0.8035714285714286,GKAA.fpb,CC(C)CCC[C@H](C)[C@H]1CC[C@@H]2[C@@H]3CC=C4C[C@@H](O)CC[C@]4(C)[C@H]3CC[C@]12C
25-Hydroxycholesterol,3847948,0.8035714285714286,GKAA.fpb,CC(C)CCC[C@H](C)[C@H]1CC[C@@H]2[C@@H]3CC=C4C[C@@H](O)CC[C@]4(C)[C@@H]3CC[C@]12C
25-Hydroxycholesterol,3869467,0.8035714285714286,GKAA.fpb,CC(C)CCC[C@@H](C)[C@H]1CC[C@H]2[C@H]3CC=C4C[C@@H](O)CC[C@]4(C)[C@@H]3CC[C@@]21C
25-Hydroxycholesterol,64219033,0.8035714285714286,GKAA.fpb,CC(C)CCC[C@H](C)[C@@H]1CC[C@H]2[C@@H]3CC=C4C[C@@H](O)CC[C@]4(C)[C@H]3CC[C@]12C
25-Hydroxycholesterol,1532563,0.8035714285714286,GKAA.fpb,CC(C)CCC[C@@H](C)[C@@H]1CC[C@H]2[C@@H]3CC=C4C[C@H](O)CC[C@]4(C)[C@H]3CC[C@@]21C
25-Hydroxycholesterol,253498267,0.8035714285714286,GKAA.fpb,CC(C)CCC[C@H](C)[C@H]1CC[C@@H]2[C@H]3CC=C4C[C@@H](O)CC[C@]4(C)[C@H]3CC[C@]12C
25-Hydroxycholesterol,12404013,0.8035714285714286,GKAA.fpb,CC(C)CCC[C@H](C)[C@@H]1CC[C@@H]2[C@H]3CC=C4C[C@@H](O)CC[C@]4(C)[C@@H]3CC[C@]12C
25-Hydroxycholesterol,2557432,0.8035714285714286,GKAA.fpb,CC(C)CCC[C@@H](C)[C@@H]1CC[C@H]2[C@@H]3CC=C4C[C@@H](O)CC[C@]4(C)[C@H]3CC[C@@]21C
25-Hydroxycholesterol,1848443663,0.7796610169491526,GKAA.fpb,CC(=O)CCC[C@H](C)[C@@H]1CC[C@@H]2[C@@H]3CC=C4C[C@H](O)CC[C@]4(C)[C@H]3CC[C@]12C
25-Hydroxycholesterol,2080749294,0.8035714285714286,GKAA.fpb,CC(C)CCC[C@H](C)[C@@H]1CC[C@H]2[C@@H]3CC=C4C[C@H](O)CC[C@]4(C)[C@H]3CC[C@@]12C
25-Hydroxycholesterol,604970850,0.734375,IKAC.fpb,CC(=O)O[C@H]1CC[C@@]2(C)C(=CC[C@H]3[C@@H]4CC[C@H]([C@H](C)CCCC(C)(C)O)[C@@]4(C)CC[C@H]32)C1
25-Hydroxycholesterol,604970852,0.734375,IKAC.fpb,CC(=O)O[C@H]1CC[C@@]2(C)C(=CC[C@@H]3[C@H]2CC[C@@]2(C)[C@@H]3CC[C@@H]2[C@H](C)CCCC(C)(C)O)C1
25-Hydroxycholesterol,31343399,0.734375,IKAC.fpb,CC(=O)O[C@H]1CC[C@@]2(C)C(=CC[C@@H]3[C@@H]2CC[C@@]2(C)[C@H]3CC[C@@H]2[C@H](C)CCCC(C)(C)O)C1
25-Hydroxycholesterol,604970851,0.734375,IKAC.fpb,CC(=O)O[C@H]1CC[C@@]2(C)C(=CC[C@@H]3[C@@H]2CC[C@@]2(C)[C@@H]3CC[C@@H]2[C@H](C)CCCC(C)(C)O)C1
digoxin,245224417,0.8133333333333334,KGAB.fpb,C[C@H]1O[C@@H](O[C@H]2[C@H](O)C[C@H](O[C@H]3[C@@H](O)C[C@H](O[C@H]4CC[C@]5(C)[C@H]6CC[C@]7(C)[C@@H](C8=CC(=O)OC8)CC[C@]7(O)[C@@H]6CC[C@@H]5C4)O[C@@H]3C)O[C@@H]2C)C[C@H](O)[C@@H]1O
digoxin,94303272,0.8133333333333334,KGAB.fpb,C[C@@H]1O[C@@H](O[C@@H]2[C@H](C)O[C@@H](O[C@H]3[C@H](O)C[C@H](O[C@H]4CC[C@]5(C)[C@H]6CC[C@]7(C)[C@@H](C8=CC(=O)OC8)CC[C@]7(O)[C@@H]6CC[C@@H]5C4)O[C@@H]3C)C[C@H]2O)C[C@@H](O)[C@@H]1O
digoxin,245224415,0.8133333333333334,KGAB.fpb,C[C@H]1O[C@H](O[C@H]2[C@H](O)C[C@@H](O[C@H]3[C@@H](O)C[C@H](O[C@H]4CC[C@]5(C)[C@H]6CC[C@]7(C)[C@@H](C8=CC(=O)OC8)CC[C@]7(O)[C@@H]6CC[C@@H]5C4)O[C@@H]3C)O[C@@H]2C)C[C@H](O)[C@@H]1O
digoxin,245224418,0.8133333333333334,KGAB.fpb,C[C@H]1O[C@H](O[C@H]2[C@H](O)C[C@H](O[C@H]3[C@@H](O)C[C@H](O[C@H]4CC[C@]5(C)[C@H]6CC[C@]7(C)[C@@H](C8=CC(=O)OC8)CC[C@]7(O)[C@@H]6CC[C@@H]5C4)O[C@@H]3C)O[C@@H]2C)C[C@H](O)[C@@H]1O
digoxin,94303270,0.8133333333333334,KGAB.fpb,C[C@@H]1O[C@@H](O[C@H]2[C@H](O)C[C@H](O[C@H]3[C@H](O)C[C@H](O[C@H]4CC[C@]5(C)[C@H]6CC[C@]7(C)[C@@H](C8=CC(=O)OC8)CC[C@]7(O)[C@@H]6CC[C@@H]5C4)O[C@@H]3C)O[C@@H]2C)C[C@@H](O)[C@@H]1O
digoxin,245224416,0.8133333333333334,KGAB.fpb,C[C@H]1O[C@@H](O[C@H]2[C@H](O)C[C@@H](O[C@H]3[C@@H](O)C[C@H](O[C@H]4CC[C@]5(C)[C@H]6CC[C@]7(C)[C@@H](C8=CC(=O)OC8)CC[C@]7(O)[C@@H]6CC[C@@H]5C4)O[C@@H]3C)O[C@@H]2C)C[C@H](O)[C@@H]1O
22R-hydroxycholesterol,123255345,0.7258064516129032,IKAB.fpb,CC(=O)O[C@@H]1CC[C@@]2(C)C(=CC[C@H]3[C@@H]4CC[C@H]([C@H](C)[C@H](O)CCC(C)C)[C@@]4(C)CC[C@@H]32)C1
22R-hydroxycholesterol,257350322,0.7258064516129032,IKAB.fpb,CC(=O)O[C@H]1CC[C@@]2(C)C(=CC[C@H]3[C@H]2CC[C@@]2(C)[C@H]([C@H](C)[C@H](O)CCC(C)C)CC[C@H]32)C1
22R-hydroxycholesterol,36371583,0.7258064516129032,IKAB.fpb,CC(=O)O[C@H]1CC[C@@]2(C)C(=CC[C@@H]3[C@H]4CC[C@@H]([C@H](C)[C@H](O)CCC(C)C)[C@@]4(C)CC[C@H]32)C1
22R-hydroxycholesterol,36371584,0.7258064516129032,IKAB.fpb,CC(=O)O[C@H]1CC[C@@]2(C)C(=CC[C@@H]3[C@H]4CC[C@H]([C@H](C)[C@H](O)CCC(C)C)[C@@]4(C)CC[C@H]32)C1
22R-hydroxycholesterol,257350323,0.7258064516129032,IKAB.fpb,CC(=O)O[C@H]1CC[C@@]2(C)C(=CC[C@H]3[C@H]2CC[C@@]2(C)[C@@H]([C@H](C)[C@H](O)CCC(C)C)CC[C@H]32)C1
22R-hydroxycholesterol,118929411,0.7258064516129032,IKAB.fpb,CC(=O)O[C@H]1CC[C@@]2(C)C(=CC[C@H]3[C@@H]4CC[C@H]([C@H](C)[C@H](O)CCC(C)C)[C@@]4(C)CC[C@@H]32)C1
ursolic acid,71789658,0.7321428571428571,IKAB.fpb,C[C@H]1CC[C@@]2(C)CC[C@@]3(C)C(=CC[C@H]4[C@]5(C)CC[C@H](O)C(C)(C)[C@@H]5CC[C@]43C)[C@H]2[C@H]1C
ursolic acid,2061001036,0.711864406779661,IKAB.fpb,C[C@@H]1CC[C@@]2(CO)CC[C@@]3(C)C(=CC[C@H]4[C@]5(C)CC[C@@H](O)C(C)(C)[C@H]5CC[C@@]43C)[C@H]2[C@@H]1C
ursolic acid,4429037,0.7321428571428571,IKAB.fpb,C[C@H]1CC[C@]2(C)CC[C@]3(C)C(=CC[C@@H]4[C@]3(C)CC[C@H]3C(C)(C)[C@@H](O)CC[C@]43C)[C@@H]2[C@@H]1C
ursolic acid,238758431,0.7321428571428571,IKAB.fpb,C[C@@H]1[C@@H]2C3=CC[C@@H]4[C@@]5(C)CC[C@@H](O)C(C)(C)[C@H]5CC[C@@]4(C)[C@]3(C)CC[C@@]2(C)CC[C@H]1C
ursolic acid,102179940,0.7321428571428571,IKAB.fpb,C[C@@H]1[C@@H]2C3=CC[C@@H]4[C@@]5(C)CC[C@@H](O)C(C)(C)[C@@H]5CC[C@@]4(C)[C@]3(C)CC[C@@]2(C)CC[C@H]1C
ursolic acid,5274061,0.711864406779661,IKAB.fpb,C[C@H]1CC[C@@]2(CO)CC[C@@]3(C)C(=CC[C@H]4[C@]5(C)CC[C@@H](O)C(C)(C)[C@H]5CC[C@@]43C)[C@H]2[C@@H]1C
ursolic acid,4429038,0.7321428571428571,IKAB.fpb,C[C@@H]1CC[C@@]2(C)CC[C@]3(C)C(=CC[C@@H]4[C@]3(C)CC[C@H]3C(C)(C)[C@@H](O)CC[C@]43C)[C@@H]2[C@@H]1C
ursolic acid,4429039,0.7321428571428571,IKAB.fpb,C[C@H]1CC[C@@]2(C)CC[C@]3(C)C(=CC[C@@H]4[C@]3(C)CC[C@H]3C(C)(C)[C@@H](O)CC[C@]43C)[C@@H]2[C@@H]1C
ursolic acid,84154021,0.7321428571428571,IKAB.fpb,C[C@@H]1[C@@H]2C3=CC[C@H]4[C@@]5(C)CC[C@@H](O)C(C)(C)[C@@H]5CC[C@@]4(C)[C@]3(C)CC[C@@]2(C)CC[C@H]1C
ursolic acid,4429036,0.7321428571428571,IKAB.fpb,C[C@@H]1CC[C@]2(C)CC[C@]3(C)C(=CC[C@@H]4[C@]3(C)CC[C@H]3C(C)(C)[C@@H](O)CC[C@]43C)[C@@H]2[C@@H]1C
ursolic acid,4097713,0.7321428571428571,IKAA.fpb,C[C@H]1[C@H](C)CC[C@]2(C)CC[C@]3(C)C(=CC[C@@H]4[C@@]5(C)CC[C@H](O)C(C)(C)[C@@H]5CC[C@]43C)[C@H]12
ursolic acid,3978797,0.711864406779661,IKAA.fpb,C[C@@H]1[C@H]2C3=CC[C@@H]4[C@@]5(C)CC[C@H](O)C(C)(C)[C@@H]5CC[C@@]4(C)[C@]3(C)CC[C@@]2(CO)CC[C@H]1C
ursolic acid,40880160,0.711864406779661,IKEA.fpb,C[C@@H]1[C@H]2C3=CC[C@@H]4[C@@]5(C)CC[C@H](O)C(C)(C)[C@@H]5CC[C@@]4(C)[C@]3(C)CC[C@@]2(C=O)CC[C@H]1C
25-Hydroxycholesterol,6201930,0.7049180327868853,HKAC.fpb,C[C@H](CC[C@@H]1OC1(C)C)[C@H]1CC[C@H]2[C@@H]3CC=C4C[C@@H](O)CC[C@]4(C)[C@H]3CC[C@@]21C
25-Hydroxycholesterol,5358679,0.7049180327868853,GKEB.fpb,C=C(CC[C@@H](C)[C@H]1CC[C@H]2[C@@H]3CC=C4C[C@@H](O)CC[C@]4(C)[C@H]3CC[C@@]21C)C(C)C
digoxin,2049251980,0.8024691358024691,KCAA.fpb,C[C@@H]1O[C@H](O[C@@H]2CC[C@]3(C)[C@H]4C[C@H](O)[C@]5(C)[C@H](C6=CC(=O)OC6)CC[C@@]5(O)[C@@H]4CC[C@@H]3C2)C[C@H](O)[C@H]1O[C@@H]1C[C@H](O)[C@@H](O[C@@H]2C[C@H](O)[C@@H](O[C@H]3O[C@H](CO)[C@H](O)[C@@H](O)[C@@H]3O)[C@H](C)O2)[C@H](C)O1
digoxin,254871949,0.7142857142857143,KCAA.fpb,CC(=O)O[C@@H]1C[C@H](O[C@@H]2[C@H](O)C[C@@H](O[C@@H]3[C@H](O)C[C@@H](O[C@@H]4CC[C@]5(C)[C@H]6C[C@@H](O)[C@]7(C)[C@@H](C8=CC(=O)OC8)CC[C@]7(O)[C@H]6CC[C@@H]5C4)O[C@@H]3C)O[C@@H]2C)O[C@H](C)[C@H]1O[C@H]1O[C@@H](CO)[C@H](O)[C@@H](O)[C@@H]1O
digoxin,1857525901,0.7142857142857143,KCAA.fpb,CC(=O)O[C@@H]1C[C@H](O[C@@H]2[C@H](O)C[C@@H](O[C@@H]3[C@H](O)C[C@@H](O[C@@H]4CC[C@]5(C)[C@H]6C[C@H](O)[C@]7(C)[C@H](C8=CC(=O)OC8)CC[C@@]7(O)[C@@H]6CC[C@@H]5C4)O[C@@H]3C)O[C@@H]2C)O[C@H](C)[C@H]1O[C@H]1O[C@H](CO)[C@H](O)[C@@H](O)[C@@H]1O
digoxin,1857513921,0.8024691358024691,KCAA.fpb,C[C@@H]1O[C@H](O[C@@H]2CC[C@]3(C)[C@H]4C[C@H](O)[C@]5(C)[C@H](C6=CC(=O)OC6)CC[C@]5(O)[C@@H]4CC[C@@H]3C2)C[C@H](O)[C@H]1O[C@@H]1C[C@H](O)[C@@H](O[C@@H]2C[C@H](O)[C@@H](O[C@H]3O[C@H](CO)[C@H](O)[C@@H](O)[C@@H]3O)[C@H](C)O2)[C@H](C)O1
digoxin,1857525839,0.8024691358024691,KCAA.fpb,C[C@@H]1O[C@H](O[C@@H]2CC[C@]3(C)[C@H]4C[C@H](O)[C@]5(C)[C@@H](C6=CC(=O)OC6)CC[C@@]5(O)[C@H]4CC[C@@H]3C2)C[C@H](O)[C@H]1O[C@@H]1C[C@H](O)[C@@H](O[C@@H]2C[C@H](O)[C@@H](O[C@H]3O[C@H](CO)[C@H](O)[C@@H](O)[C@@H]3O)[C@H](C)O2)[C@H](C)O1
digoxin,1857525900,0.7142857142857143,KCAA.fpb,CC(=O)O[C@@H]1C[C@H](O[C@@H]2[C@H](O)C[C@@H](O[C@@H]3[C@H](O)C[C@@H](O[C@@H]4CC[C@]5(C)[C@H]6C[C@H](O)[C@]7(C)[C@H](C8=CC(=O)OC8)CC[C@]7(O)[C@H]6CC[C@@H]5C4)O[C@@H]3C)O[C@@H]2C)O[C@H](C)[C@H]1O[C@H]1O[C@H](CO)[C@H](O)[C@@H](O)[C@@H]1O
digoxin,1857525899,0.7142857142857143,KCAA.fpb,CC(=O)O[C@@H]1C[C@H](O[C@@H]2[C@H](O)C[C@@H](O[C@@H]3[C@H](O)C[C@@H](O[C@@H]4CC[C@]5(C)[C@H]6C[C@H](O)[C@]7(C)[C@H](C8=CC(=O)OC8)CC[C@@]7(O)[C@H]6CC[C@@H]5C4)O[C@@H]3C)O[C@@H]2C)O[C@H](C)[C@H]1O[C@H]1O[C@H](CO)[C@H](O)[C@@H](O)[C@@H]1O
digoxin,253668332,0.8024691358024691,KCAA.fpb,C[C@H]1O[C@@H](O[C@H]2[C@@H](O)C[C@H](O[C@H]3CC[C@]4(C)[C@H]5C[C@@H](O)[C@]6(C)[C@@H](C7=CC(=O)OC7)CC[C@]6(O)[C@@H]5CC[C@@H]4C3)O[C@@H]2C)C[C@H](O)[C@@H]1O[C@H]1C[C@H](O)[C@H](O[C@@H]2O[C@H](CO)[C@@H](O)[C@H](O)[C@H]2O)[C@@H](C)O1
digoxin,253505939,0.8024691358024691,KCAA.fpb,C[C@@H]1O[C@H](O[C@@H]2CC[C@]3(C)[C@H]4C[C@H](O)[C@]5(C)[C@H](C6=CC(=O)OC6)CC[C@]5(O)[C@H]4CC[C@@H]3C2)C[C@H](O)[C@H]1O[C@@H]1C[C@H](O)[C@@H](O[C@@H]2C[C@H](O)[C@@H](O[C@H]3O[C@@H](CO)[C@H](O)[C@@H](O)[C@@H]3O)[C@H](C)O2)[C@H](C)O1
digoxin,254871950,0.7142857142857143,KCAA.fpb,CC(=O)O[C@@H]1C[C@H](O[C@@H]2[C@H](O)C[C@@H](O[C@@H]3[C@H](O)C[C@@H](O[C@@H]4CC[C@]5(C)[C@H]6C[C@@H](O)[C@]7(C)[C@H](C8=CC(=O)OC8)CC[C@]7(O)[C@H]6CC[C@@H]5C4)O[C@@H]3C)O[C@@H]2C)O[C@H](C)[C@H]1O[C@H]1O[C@@H](CO)[C@H](O)[C@@H](O)[C@@H]1O
digoxin,253503182,0.7142857142857143,KCAA.fpb,CC(=O)O[C@@H]1C[C@H](O[C@@H]2[C@H](O)C[C@@H](O[C@@H]3[C@H](O)C[C@@H](O[C@@H]4CC[C@]5(C)[C@H]6C[C@H](O)[C@]7(C)[C@H](C8=CC(=O)OC8)CC[C@@]7(O)[C@H]6CC[C@@H]5C4)O[C@@H]3C)O[C@@H]2C)O[C@H](C)[C@H]1O[C@H]1O[C@@H](CO)[C@H](O)[C@@H](O)[C@@H]1O
digoxin,254871948,0.7142857142857143,KCAA.fpb,CC(=O)O[C@@H]1C[C@H](O[C@@H]2[C@H](O)C[C@@H](O[C@@H]3[C@H](O)C[C@@H](O[C@@H]4CC[C@]5(C)[C@H]6C[C@H](O)[C@]7(C)[C@@H](C8=CC(=O)OC8)CC[C@]7(O)[C@H]6CC[C@@H]5C4)O[C@@H]3C)O[C@@H]2C)O[C@H](C)[C@H]1O[C@H]1O[C@@H](CO)[C@H](O)[C@@H](O)[C@@H]1O
digoxin,253505934,0.8024691358024691,KCAA.fpb,C[C@@H]1O[C@H](O[C@@H]2CC[C@]3(C)[C@H]4C[C@H](O)[C@]5(C)[C@H](C6=CC(=O)OC6)CC[C@@]5(O)[C@H]4CC[C@@H]3C2)C[C@H](O)[C@H]1O[C@@H]1C[C@H](O)[C@@H](O[C@@H]2C[C@H](O)[C@@H](O[C@H]3O[C@@H](CO)[C@H](O)[C@@H](O)[C@@H]3O)[C@H](C)O2)[C@H](C)O1
digoxin,2080912840,0.7142857142857143,KCAA.fpb,CC(=O)O[C@@H]1C[C@H](O[C@@H]2[C@H](O)C[C@@H](O[C@@H]3[C@H](O)C[C@@H](O[C@@H]4CC[C@]5(C)[C@H]6C[C@@H](O)[C@]7(C)[C@@H](C8=CC(=O)OC8)CC[C@]7(O)[C@H]6CC[C@@H]5C4)O[C@@H]3C)O[C@@H]2C)O[C@H](C)[C@H]1O[C@H]1O[C@H](CO)[C@H](O)[C@@H](O)[C@@H]1O
digoxin,253503183,0.7142857142857143,KCAA.fpb,CC(=O)O[C@@H]1C[C@H](O[C@@H]2[C@H](O)C[C@@H](O[C@@H]3[C@H](O)C[C@@H](O[C@@H]4CC[C@]5(C)[C@H]6C[C@H](O)[C@]7(C)[C@H](C8=CC(=O)OC8)CC[C@@]7(O)[C@@H]6CC[C@@H]5C4)O[C@@H]3C)O[C@@H]2C)O[C@H](C)[C@H]1O[C@H]1O[C@@H](CO)[C@H](O)[C@@H](O)[C@@H]1O
digoxin,253505942,0.8024691358024691,KCAA.fpb,C[C@@H]1O[C@H](O[C@@H]2CC[C@]3(C)[C@H]4C[C@H](O)[C@]5(C)[C@H](C6=CC(=O)OC6)CC[C@@]5(O)[C@@H]4CC[C@@H]3C2)C[C@H](O)[C@H]1O[C@@H]1C[C@H](O)[C@@H](O[C@@H]2C[C@H](O)[C@@H](O[C@H]3O[C@@H](CO)[C@H](O)[C@@H](O)[C@@H]3O)[C@H](C)O2)[C@H](C)O1
digoxin,2080912838,0.7142857142857143,KCAA.fpb,CC(=O)O[C@@H]1C[C@H](O[C@@H]2[C@H](O)C[C@@H](O[C@@H]3[C@H](O)C[C@@H](O[C@@H]4CC[C@]5(C)[C@H]6C[C@@H](O)[C@]7(C)[C@H](C8=CC(=O)OC8)CC[C@]7(O)[C@H]6CC[C@@H]5C4)O[C@@H]3C)O[C@@H]2C)O[C@H](C)[C@H]1O[C@H]1O[C@H](CO)[C@H](O)[C@@H](O)[C@@H]1O
digoxin,1857525842,0.8024691358024691,KCAA.fpb,C[C@@H]1O[C@H](O[C@@H]2CC[C@]3(C)[C@H]4C[C@H](O)[C@]5(C)[C@H](C6=CC(=O)OC6)CC[C@]5(O)[C@H]4CC[C@@H]3C2)C[C@H](O)[C@H]1O[C@@H]1C[C@H](O)[C@@H](O[C@@H]2C[C@H](O)[C@@H](O[C@H]3O[C@H](CO)[C@H](O)[C@@H](O)[C@@H]3O)[C@H](C)O2)[C@H](C)O1
digoxin,2080912839,0.7142857142857143,KCAA.fpb,CC(=O)O[C@@H]1C[C@H](O[C@@H]2[C@H](O)C[C@@H](O[C@@H]3[C@H](O)C[C@@H](O[C@@H]4CC[C@]5(C)[C@H]6C[C@H](O)[C@]7(C)[C@@H](C8=CC(=O)OC8)CC[C@]7(O)[C@H]6CC[C@@H]5C4)O[C@@H]3C)O[C@@H]2C)O[C@H](C)[C@H]1O[C@H]1O[C@H](CO)[C@H](O)[C@@H](O)[C@@H]1O
digoxin,1857525840,0.8024691358024691,KCAA.fpb,C[C@@H]1O[C@H](O[C@@H]2CC[C@]3(C)[C@H]4C[C@H](O)[C@]5(C)[C@H](C6=CC(=O)OC6)CC[C@@]5(O)[C@H]4CC[C@@H]3C2)C[C@H](O)[C@H]1O[C@@H]1C[C@H](O)[C@@H](O[C@@H]2C[C@H](O)[C@@H](O[C@H]3O[C@H](CO)[C@H](O)[C@@H](O)[C@@H]3O)[C@H](C)O2)[C@H](C)O1
digoxin,253505935,0.8024691358024691,KCAA.fpb,C[C@@H]1O[C@H](O[C@@H]2CC[C@]3(C)[C@H]4C[C@H](O)[C@]5(C)[C@H](C6=CC(=O)OC6)CC[C@]5(O)[C@@H]4CC[C@@H]3C2)C[C@H](O)[C@H]1O[C@@H]1C[C@H](O)[C@@H](O[C@@H]2C[C@H](O)[C@@H](O[C@H]3O[C@@H](CO)[C@H](O)[C@@H](O)[C@@H]3O)[C@H](C)O2)[C@H](C)O1
digoxin,253503179,0.7142857142857143,KCAA.fpb,CC(=O)O[C@@H]1C[C@H](O[C@@H]2[C@H](O)C[C@@H](O[C@@H]3[C@H](O)C[C@@H](O[C@@H]4CC[C@]5(C)[C@H]6C[C@H](O)[C@]7(C)[C@H](C8=CC(=O)OC8)CC[C@]7(O)[C@@H]6CC[C@@H]5C4)O[C@@H]3C)O[C@@H]2C)O[C@H](C)[C@H]1O[C@H]1O[C@@H](CO)[C@H](O)[C@@H](O)[C@@H]1O
digoxin,1857525841,0.8024691358024691,KCAA.fpb,C[C@@H]1O[C@H](O[C@@H]2CC[C@]3(C)[C@H]4C[C@H](O)[C@]5(C)[C@@H](C6=CC(=O)OC6)CC[C@]5(O)[C@H]4CC[C@@H]3C2)C[C@H](O)[C@H]1O[C@@H]1C[C@H](O)[C@@H](O[C@@H]2C[C@H](O)[C@@H](O[C@H]3O[C@H](CO)[C@H](O)[C@@H](O)[C@@H]3O)[C@H](C)O2)[C@H](C)O1
digoxin,1848675464,0.7142857142857143,KCAA.fpb,CC(=O)O[C@@H]1C[C@H](O[C@@H]2[C@H](O)C[C@@H](O[C@@H]3[C@H](O)C[C@@H](O[C@@H]4CC[C@]5(C)[C@H]6C[C@H](O)[C@]7(C)[C@H](C8=CC(=O)OC8)CC[C@]7(O)[C@@H]6CC[C@@H]5C4)O[C@@H]3C)O[C@@H]2C)O[C@H](C)[C@H]1O[C@H]1O[C@H](CO)[C@H](O)[C@@H](O)[C@@H]1O
digoxin,253387889,0.7142857142857143,KCAA.fpb,CC(=O)O[C@H]1C[C@H](O[C@H]2[C@@H](O)C[C@H](O[C@H]3[C@@H](O)C[C@H](O[C@H]4CC[C@]5(C)[C@H]6C[C@@H](O)[C@]7(C)[C@@H](C8=CC(=O)OC8)CC[C@]7(O)[C@@H]6CC[C@@H]5C4)O[C@@H]3C)O[C@@H]2C)O[C@H](C)[C@H]1O[C@@H]1O[C@H](CO)[C@@H](O)[C@H](O)[C@H]1O
digoxin,253503177,0.7142857142857143,KCAA.fpb,CC(=O)O[C@@H]1C[C@H](O[C@@H]2[C@H](O)C[C@@H](O[C@@H]3[C@H](O)C[C@@H](O[C@@H]4CC[C@]5(C)[C@H]6C[C@H](O)[C@]7(C)[C@H](C8=CC(=O)OC8)CC[C@]7(O)[C@H]6CC[C@@H]5C4)O[C@@H]3C)O[C@@H]2C)O[C@H](C)[C@H]1O[C@H]1O[C@@H](CO)[C@H](O)[C@@H](O)[C@@H]1O
22R-hydroxycholesterol,2060993474,0.7368421052631579,GKAB.fpb,CC(C)CCC[C@H](C)[C@H]1CC[C@@H]2[C@H]3CC=C4C[C@H](O)CC[C@@]4(C)[C@@H]3CC[C@@]12C
22R-hydroxycholesterol,5481713,0.7368421052631579,GKAB.fpb,CC(C)CCC[C@@H](C)[C@H]1CC[C@H]2[C@@H]3CC=C4C[C@@H](O)CC[C@]4(C)[C@@H]3CC[C@@]21C
22R-hydroxycholesterol,5715756,0.7368421052631579,GKAB.fpb,CC(C)CCC[C@H](C)[C@H]1CC[C@H]2[C@@H]3CC=C4C[C@@H](O)CC[C@]4(C)[C@@H]3CC[C@@]21C
22R-hydroxycholesterol,4535733,0.7368421052631579,GKAB.fpb,CC(C)CCC[C@H](C)[C@@H]1CC[C@@H]2[C@H]3CC=C4C[C@H](O)CC[C@@]4(C)[C@@H]3CC[C@@]12C
22R-hydroxycholesterol,3847947,0.7368421052631579,GKAB.fpb,CC(C)CCC[C@@H](C)[C@H]1CC[C@@H]2[C@@H]3CC=C4C[C@@H](O)CC[C@]4(C)[C@@H]3CC[C@@]21C
22R-hydroxycholesterol,5453222,0.7368421052631579,GKAB.fpb,CC(C)CCC[C@@H](C)[C@H]1CC[C@@H]2[C@@H]3CC=C4C[C@@H](O)CC[C@]4(C)[C@H]3CC[C@@]21C
22R-hydroxycholesterol,5715745,0.7368421052631579,GKAB.fpb,CC(C)CCC[C@H](C)[C@@H]1CC[C@@H]2[C@@H]3CC=C4C[C@@H](O)CC[C@]4(C)[C@@H]3CC[C@]12C
22R-hydroxycholesterol,306121549,0.7368421052631579,GKAB.fpb,CC(C)CCC[C@H](C)[C@@H]1CC[C@@H]2[C@@H]3CC=C4C[C@@H](O)CC[C@]4(C)[C@H]3CC[C@]12C
22R-hydroxycholesterol,1547139855,0.7368421052631579,GKAB.fpb,CC(C)CCC[C@H](C)[C@@H]1CC[C@@H]2[C@@H]3CC=C4C[C@@H](O)CC[C@]4(C)[C@@H]3CC[C@@]12C
22R-hydroxycholesterol,34575569,0.7368421052631579,GKAB.fpb,CC(C)CCC[C@H](C)[C@@H]1CC[C@@H]2[C@H]3CC=C4C[C@@H](O)CC[C@@]4(C)[C@@H]3CC[C@@]12C
22R-hydroxycholesterol,885018343,0.7368421052631579,GKAB.fpb,CC(C)CCC[C@H](C)[C@@H]1CC[C@@H]2[C@@H]3CC=C4C[C@@H](O)CC[C@]4(C)[C@H]3CC[C@@]12C
22R-hydroxycholesterol,2169851,0.7368421052631579,GKAB.fpb,CC(C)CCC[C@H](C)[C@H]1CC[C@@H]2[C@H]3CC=C4C[C@@H](O)CC[C@@]4(C)[C@@H]3CC[C@@]12C
25-Hydroxycholesterol,2060993474,0.8035714285714286,GKAB.fpb,CC(C)CCC[C@H](C)[C@H]1CC[C@@H]2[C@H]3CC=C4C[C@H](O)CC[C@@]4(C)[C@@H]3CC[C@@]12C
25-Hydroxycholesterol,5481713,0.8035714285714286,GKAB.fpb,CC(C)CCC[C@@H](C)[C@H]1CC[C@H]2[C@@H]3CC=C4C[C@@H](O)CC[C@]4(C)[C@@H]3CC[C@@]21C
25-Hydroxycholesterol,4074079,0.7796610169491526,GKAB.fpb,CC(=O)CCC[C@@H](C)[C@H]1CC[C@@H]2[C@@H]3CC=C4C[C@@H](O)CC[C@]4(C)[C@H]3CC[C@@]21C
25-Hydroxycholesterol,4074078,0.7796610169491526,GKAB.fpb,CC(=O)CCC[C@@H](C)[C@H]1CC[C@H]2[C@@H]3CC=C4C[C@@H](O)CC[C@]4(C)[C@H]3CC[C@@]21C
25-Hydroxycholesterol,5715756,0.8035714285714286,GKAB.fpb,CC(C)CCC[C@H](C)[C@H]1CC[C@H]2[C@@H]3CC=C4C[C@@H](O)CC[C@]4(C)[C@@H]3CC[C@@]21C
25-Hydroxycholesterol,4535733,0.8035714285714286,GKAB.fpb,CC(C)CCC[C@H](C)[C@@H]1CC[C@@H]2[C@H]3CC=C4C[C@H](O)CC[C@@]4(C)[C@@H]3CC[C@@]12C
25-Hydroxycholesterol,3847947,0.8035714285714286,GKAB.fpb,CC(C)CCC[C@@H](C)[C@H]1CC[C@@H]2[C@@H]3CC=C4C[C@@H](O)CC[C@]4(C)[C@@H]3CC[C@@]21C
25-Hydroxycholesterol,118914664,0.7166666666666667,GKAB.fpb,CC(C)=CCC[C@@H](C)[C@H]1CC[C@H]2[C@@H]3CC=C4C[C@H](O)CC[C@]4(C)[C@H]3CC[C@@]21C
25-Hydroxycholesterol,5453222,0.8035714285714286,GKAB.fpb,CC(C)CCC[C@@H](C)[C@H]1CC[C@@H]2[C@@H]3CC=C4C[C@@H](O)CC[C@]4(C)[C@H]3CC[C@@]21C
25-Hydroxycholesterol,4074077,0.7796610169491526,GKAB.fpb,CC(=O)CCC[C@@H](C)[C@H]1CC[C@@H]2[C@@H]3CC=C4C[C@@H](O)CC[C@]4(C)[C@@H]3CC[C@@]21C
25-Hydroxycholesterol,5715745,0.8035714285714286,GKAB.fpb,CC(C)CCC[C@H](C)[C@@H]1CC[C@@H]2[C@@H]3CC=C4C[C@@H](O)CC[C@]4(C)[C@@H]3CC[C@]12C
25-Hydroxycholesterol,3876072,0.7166666666666667,GKAB.fpb,CC(C)=CCC[C@H](C)[C@H]1CC[C@H]2[C@@H]3CC=C4C[C@@H](O)CC[C@]4(C)[C@H]3CC[C@@]21C
25-Hydroxycholesterol,306121549,0.8035714285714286,GKAB.fpb,CC(C)CCC[C@H](C)[C@@H]1CC[C@@H]2[C@@H]3CC=C4C[C@@H](O)CC[C@]4(C)[C@H]3CC[C@]12C
25-Hydroxycholesterol,1547139855,0.8035714285714286,GKAB.fpb,CC(C)CCC[C@H](C)[C@@H]1CC[C@@H]2[C@@H]3CC=C4C[C@@H](O)CC[C@]4(C)[C@@H]3CC[C@@]12C
25-Hydroxycholesterol,34575569,0.8035714285714286,GKAB.fpb,CC(C)CCC[C@H](C)[C@@H]1CC[C@@H]2[C@H]3CC=C4C[C@@H](O)CC[C@@]4(C)[C@@H]3CC[C@@]12C
25-Hydroxycholesterol,118914666,0.7166666666666667,GKAB.fpb,CC(C)=CCC[C@H](C)[C@H]1CC[C@H]2[C@@H]3CC=C4C[C@H](O)CC[C@]4(C)[C@H]3CC[C@@]21C
25-Hydroxycholesterol,885018343,0.8035714285714286,GKAB.fpb,CC(C)CCC[C@H](C)[C@@H]1CC[C@@H]2[C@@H]3CC=C4C[C@@H](O)CC[C@]4(C)[C@H]3CC[C@@]12C
25-Hydroxycholesterol,2169851,0.8035714285714286,GKAB.fpb,CC(C)CCC[C@H](C)[C@H]1CC[C@@H]2[C@H]3CC=C4C[C@@H](O)CC[C@@]4(C)[C@@H]3CC[C@@]12C
25-Hydroxycholesterol,4074076,0.7796610169491526,GKAB.fpb,CC(=O)CCC[C@@H](C)[C@H]1CC[C@H]2[C@@H]3CC=C4C[C@@H](O)CC[C@]4(C)[C@@H]3CC[C@@]21C
ursolic acid,118081009,0.7272727272727273,KKAC.fpb,C[C@@H]1[C@H]2C3=CC[C@@H]4[C@@]5(C)CC[C@H](O)C(C)(C)[C@@H]5CC[C@@]4(C)[C@]3(C)CC[C@@]2(C(=O)OCc2ccccc2)CC[C@H]1C
ursolic acid,43569800,0.703125,KKAC.fpb,CC(=O)O[C@@H]1C[C@@]2(C)[C@@H](CC[C@]3(C)[C@@H]2CC=C2[C@@H]4[C@@H](C)[C@H](C)CC[C@]4(C(=O)O)CC[C@]23C)C(C)(C)[C@H]1O
25-Hydroxycholesterol,1848432694,0.7049180327868853,HKEA.fpb,C[C@H](CC[C@H]1OC1(C)C)[C@@H]1CC[C@H]2[C@@H]3CC=C4C[C@@H](O)CC[C@]4(C)[C@H]3CC[C@@]21C
25-Hydroxycholesterol,65731586,0.7049180327868853,HKEA.fpb,C[C@H](CC[C@@H]1OC1(C)C)[C@@H]1CC[C@H]2[C@@H]3CC=C4C[C@@H](O)CC[C@]4(C)[C@H]3CC[C@@]21C
25-Hydroxycholesterol,1848432693,0.7049180327868853,HKEA.fpb,C[C@@H](CC[C@H]1OC1(C)C)[C@@H]1CC[C@H]2[C@@H]3CC=C4C[C@@H](O)CC[C@]4(C)[C@H]3CC[C@]12C
digoxin,253498695,0.7341772151898734,KEAB.fpb,C[C@H]1O[C@@H](O[C@@H]2[C@@H](O)C[C@@H](O[C@@H]3[C@@H](O)C[C@H](O[C@H]4CC[C@@]5(C)[C@H](CC[C@@H]6[C@H]5CC[C@]5(C)[C@@H](C7=CC(=O)OC7)[C@@H](O)C[C@]65O)C4)O[C@@H]3C)O[C@@H]2C)C[C@H](O)[C@@H]1O
digoxin,253629638,0.7341772151898734,KEAB.fpb,C[C@H]1O[C@@H](O[C@@H]2[C@H](O)C[C@@H](O[C@@H]3[C@H](O)C[C@@H](O[C@H]4CC[C@@]5(C)[C@@H](CC[C@H]6[C@H]5CC[C@]5(C)[C@H](C7=CC(=O)OC7)[C@H](O)C[C@]65O)C4)O[C@@H]3C)O[C@@H]2C)C[C@H](O)[C@H]1O
digoxin,2002125253,0.7341772151898734,KEAB.fpb,C[C@H]1O[C@@H](O[C@@H]2[C@H](O)C[C@@H](O[C@@H]3[C@H](O)C[C@@H](O[C@H]4CC[C@@]5(C)[C@@H](CC[C@@H]6[C@@H]5CC[C@]5(C)[C@H](C7=CC(=O)OC7)[C@H](O)C[C@@]65O)C4)O[C@@H]3C)O[C@@H]2C)C[C@H](O)[C@@H]1O
digoxin,257198905,0.7341772151898734,KEAB.fpb,C[C@H]1O[C@@H](O[C@H]2[C@@H](O)C[C@H](O[C@H]3[C@@H](O)C[C@H](O[C@H]4CC[C@@]5(C)[C@@H](CC[C@@H]6[C@@H]5CC[C@]5(C)[C@@H](C7=CC(=O)OC7)[C@@H](O)C[C@]65O)C4)O[C@@H]3C)O[C@@H]2C)C[C@H](O)[C@@H]1O
digoxin,2002125252,0.7341772151898734,KEAB.fpb,C[C@H]1O[C@@H](O[C@@H]2[C@H](O)C[C@@H](O[C@@H]3[C@H](O)C[C@@H](O[C@H]4CC[C@@]5(C)[C@@H](CC[C@@H]6[C@@H]5CC[C@]5(C)[C@H](C7=CC(=O)OC7)[C@H](O)C[C@@]65O)C4)O[C@@H]3C)O[C@@H]2C)C[C@@H](O)[C@@H]1O
digoxin,253498696,0.7341772151898734,KEAB.fpb,C[C@H]1O[C@@H](O[C@H]2[C@@H](O)C[C@@H](O[C@@H]3[C@@H](O)C[C@H](O[C@H]4CC[C@@]5(C)[C@H](CC[C@@H]6[C@H]5CC[C@]5(C)[C@@H](C7=CC(=O)OC7)[C@@H](O)C[C@]65O)C4)O[C@@H]3C)O[C@@H]2C)C[C@H](O)[C@@H]1O
digoxin,263583581,0.7341772151898734,KEAB.fpb,C[C@H]1O[C@@H](O[C@H]2[C@@H](O)C[C@H](O[C@H]3[C@@H](O)C[C@@H](O[C@H]4CC[C@]5(C)[C@H]6CC[C@]7(C)[C@@H](C8=CC(=O)OC8)[C@@H](O)C[C@]7(O)[C@@H]6CC[C@@H]5C4)O[C@@H]3C)O[C@@H]2C)C[C@H](O)[C@@H]1O
digoxin,253499040,0.7341772151898734,KEAB.fpb,C[C@@H]1O[C@H](O[C@@H]2[C@H](O)C[C@H](O[C@@H]3[C@H](O)C[C@H](O[C@H]4CC[C@]5(C)[C@H]6CC[C@]7(C)[C@@H](C8=CC(=O)OC8)[C@@H](O)C[C@]7(O)[C@@H]6CC[C@@H]5C4)O[C@@H]3C)O[C@@H]2C)C[C@H](O)[C@H]1O
digoxin,263583580,0.7341772151898734,KEAB.fpb,C[C@H]1O[C@@H](O[C@H]2[C@@H](O)C[C@H](O[C@H]3[C@@H](O)C[C@@H](O[C@H]4CC[C@@]5(C)[C@H](CC[C@@H]6[C@H]5CC[C@]5(C)[C@@H](C7=CC(=O)OC7)[C@@H](O)C[C@]65O)C4)O[C@@H]3C)O[C@@H]2C)C[C@H](O)[C@@H]1O
digoxin,2002125250,0.7341772151898734,KEAB.fpb,C[C@H]1O[C@@H](O[C@@H]2[C@H](O)C[C@@H](O[C@@H]3[C@H](O)C[C@@H](O[C@H]4CC[C@@]5(C)[C@@H](CC[C@@H]6[C@@H]5CC[C@]5(C)[C@H](C7=CC(=O)OC7)[C@H](O)C[C@@]65O)C4)O[C@@H]3C)O[C@@H]2C)C[C@H](O)[C@H]1O
digoxin,256103905,0.9705882352941176,KEAB.fpb,C[C@H]1O[C@@H](O[C@H]2CC[C@@]3(C)[C@@H](CC[C@H]4[C@H]3C[C@@H](O)[C@]3(C)[C@H](C5=CC(=O)OC5)CC[C@]43O)C2)C[C@@H](O)[C@H]1O
digoxin,253499046,0.7341772151898734,KEAB.fpb,C[C@@H]1O[C@H](O[C@@H]2[C@H](O)C[C@H](O[C@@H]3[C@H](O)C[C@H](O[C@H]4CC[C@]5(C)[C@H]6CC[C@]7(C)[C@@H](C8=CC(=O)OC8)[C@@H](O)C[C@]7(O)[C@@H]6CC[C@@H]5C4)O[C@@H]3C)O[C@@H]2C)C[C@@H](O)[C@@H]1O
digoxin,253629637,0.7341772151898734,KEAB.fpb,C[C@H]1O[C@@H](O[C@@H]2[C@H](O)C[C@@H](O[C@@H]3[C@H](O)C[C@@H](O[C@H]4CC[C@@]5(C)[C@@H](CC[C@H]6[C@H]5CC[C@]5(C)[C@H](C7=CC(=O)OC7)[C@H](O)C[C@]65O)C4)O[C@@H]3C)O[C@@H]2C)C[C@H](O)[C@@H]1O
digoxin,255226646,0.7341772151898734,KEAB.fpb,C[C@H]1O[C@@H](O[C@H]2[C@@H](O)C[C@H](O[C@H]3[C@@H](O)C[C@H](O[C@H]4CC[C@@]5(C)[C@H](CC[C@@H]6[C@H]5CC[C@]5(C)[C@@H](C7=CC(=O)OC7)[C@@H](O)C[C@]65O)C4)O[C@@H]3C)O[C@@H]2C)C[C@H](O)[C@@H]1O
digoxin,253498694,0.7341772151898734,KEAB.fpb,C[C@H]1O[C@H](O[C@@H]2[C@@H](O)C[C@@H](O[C@@H]3[C@@H](O)C[C@H](O[C@H]4CC[C@@]5(C)[C@H](CC[C@@H]6[C@H]5CC[C@]5(C)[C@@H](C7=CC(=O)OC7)[C@@H](O)C[C@]65O)C4)O[C@@H]3C)O[C@@H]2C)C[C@H](O)[C@@H]1O
digoxin,253629640,0.7341772151898734,KEAB.fpb,C[C@H]1O[C@@H](O[C@@H]2[C@H](O)C[C@@H](O[C@@H]3[C@H](O)C[C@@H](O[C@H]4CC[C@@]5(C)[C@@H](CC[C@H]6[C@H]5CC[C@]5(C)[C@H](C7=CC(=O)OC7)[C@H](O)C[C@]65O)C4)O[C@@H]3C)O[C@@H]2C)C[C@@H](O)[C@@H]1O
digoxin,33889315,0.9705882352941176,KEAB.fpb,C[C@H]1O[C@@H](O[C@H]2CC[C@]3(C)[C@H]4C[C@@H](O)[C@]5(C)[C@@H](C6=CC(=O)OC6)CC[C@]5(O)[C@@H]4CC[C@@H]3C2)C[C@H](O)[C@@H]1O
digoxin,2002125251,0.7341772151898734,KEAB.fpb,C[C@H]1O[C@@H](O[C@@H]2[C@H](O)C[C@@H](O[C@@H]3[C@H](O)C[C@@H](O[C@H]4CC[C@@]5(C)[C@@H](CC[C@@H]6[C@@H]5CC[C@]5(C)[C@H](C7=CC(=O)OC7)[C@H](O)C[C@@]65O)C4)O[C@@H]3C)O[C@@H]2C)C[C@@H](O)[C@H]1O
digoxin,253498693,0.7341772151898734,KEAB.fpb,C[C@H]1O[C@H](O[C@H]2[C@@H](O)C[C@@H](O[C@@H]3[C@@H](O)C[C@H](O[C@H]4CC[C@@]5(C)[C@H](CC[C@@H]6[C@H]5CC[C@]5(C)[C@@H](C7=CC(=O)OC7)[C@@H](O)C[C@]65O)C4)O[C@@H]3C)O[C@@H]2C)C[C@H](O)[C@@H]1O
digoxin,253629639,0.7341772151898734,KEAB.fpb,C[C@H]1O[C@@H](O[C@@H]2[C@H](O)C[C@@H](O[C@@H]3[C@H](O)C[C@@H](O[C@H]4CC[C@@]5(C)[C@@H](CC[C@H]6[C@H]5CC[C@]5(C)[C@H](C7=CC(=O)OC7)[C@H](O)C[C@]65O)C4)O[C@@H]3C)O[C@@H]2C)C[C@@H](O)[C@H]1O
digoxin,256103888,0.9705882352941176,KEAB.fpb,C[C@H]1O[C@@H](O[C@H]2CC[C@@]3(C)[C@@H](CC[C@H]4[C@H]3C[C@@H](O)[C@]3(C)[C@H](C5=CC(=O)OC5)CC[C@]43O)C2)C[C@H](O)[C@H]1O
digoxin,256103897,0.9705882352941176,KEAB.fpb,C[C@H]1O[C@@H](O[C@H]2CC[C@@]3(C)[C@@H](CC[C@H]4[C@H]3C[C@@H](O)[C@]3(C)[C@H](C5=CC(=O)OC5)CC[C@]43O)C2)C[C@@H](O)[C@@H]1O
digoxin,253499045,0.7341772151898734,KEAB.fpb,C[C@@H]1O[C@H](O[C@@H]2[C@H](O)C[C@H](O[C@@H]3[C@H](O)C[C@H](O[C@H]4CC[C@]5(C)[C@H]6CC[C@]7(C)[C@@H](C8=CC(=O)OC8)[C@@H](O)C[C@]7(O)[C@@H]6CC[C@@H]5C4)O[C@@H]3C)O[C@@H]2C)C[C@H](O)[C@@H]1O
digoxin,256103881,0.9705882352941176,KEAB.fpb,C[C@H]1O[C@@H](O[C@H]2CC[C@@]3(C)[C@@H](CC[C@H]4[C@H]3C[C@@H](O)[C@]3(C)[C@H](C5=CC(=O)OC5)CC[C@]43O)C2)C[C@H](O)[C@@H]1O
digoxin,253499051,0.7341772151898734,KEAB.fpb,C[C@@H]1O[C@H](O[C@@H]2[C@H](O)C[C@H](O[C@@H]3[C@H](O)C[C@H](O[C@H]4CC[C@]5(C)[C@H]6CC[C@]7(C)[C@@H](C8=CC(=O)OC8)[C@@H](O)C[C@]7(O)[C@@H]6CC[C@@H]5C4)O[C@@H]3C)O[C@@H]2C)C[C@@H](O)[C@H]1O
25-Hydroxycholesterol,257350604,0.8035714285714286,FKAA.fpb,C[C@@H](CCCO)[C@@H]1CC[C@@H]2[C@H]3CC=C4C[C@@H](O)CC[C@]4(C)[C@@H]3CC[C@@]12C
25-Hydroxycholesterol,1772491524,0.7166666666666667,FKAA.fpb,C[C@H](CCC(=O)O)[C@@H]1CC[C@@H]2[C@@H]3CC=C4C[C@H](O)CC[C@]4(C)[C@H]3CC[C@]12C
25-Hydroxycholesterol,6036223,0.7166666666666667,FKAA.fpb,C[C@H](CCC(=O)O)[C@H]1CC[C@H]2[C@@H]3CC=C4C[C@@H](O)CC[C@]4(C)[C@H]3CC[C@@]21C
25-Hydroxycholesterol,38358415,0.7166666666666667,FKAA.fpb,C[C@H](CCC(=O)O)[C@@H]1CC[C@@H]2[C@H]3CC=C4C[C@@H](O)CC[C@]4(C)[C@@H]3CC[C@]12C
25-Hydroxycholesterol,1772491525,0.7166666666666667,FKAA.fpb,C[C@H](CCC(=O)O)[C@@H]1CC[C@@H]2[C@@H]3CC=C4C[C@H](O)CC[C@]4(C)[C@@H]3CC[C@]12C
25-Hydroxycholesterol,2116336,0.7166666666666667,FKAA.fpb,C[C@H](CCC(=O)O)[C@@H]1CC[C@@H]2[C@@H]3CC=C4C[C@@H](O)CC[C@]4(C)[C@@H]3CC[C@]12C
25-Hydroxycholesterol,253499203,0.7166666666666667,FKAA.fpb,C[C@@H](CCC(=O)O)[C@@H]1CC[C@@H]2[C@H]3CC=C4C[C@@H](O)CC[C@]4(C)[C@@H]3CC[C@@]12C
25-Hydroxycholesterol,2116340,0.7166666666666667,FKAA.fpb,C[C@H](CCC(=O)O)[C@@H]1CC[C@@H]2[C@@H]3CC=C4C[C@@H](O)CC[C@]4(C)[C@H]3CC[C@]12C
25-Hydroxycholesterol,1857666617,0.7166666666666667,FKAA.fpb,C[C@@H](CCC(=O)O)[C@@H]1CC[C@H]2[C@@H]3CC=C4C[C@@H](O)CC[C@]4(C)[C@H]3CC[C@]12C
25-Hydroxycholesterol,257350603,0.8035714285714286,FKAA.fpb,C[C@H](CCCO)[C@@H]1CC[C@@H]2[C@H]3CC=C4C[C@@H](O)CC[C@]4(C)[C@@H]3CC[C@@]12C
25-Hydroxycholesterol,253499207,0.7166666666666667,FKAA.fpb,C[C@H](CCC(=O)O)[C@@H]1CC[C@@H]2[C@H]3CC=C4C[C@@H](O)CC[C@]4(C)[C@@H]3CC[C@@]12C
25-Hydroxycholesterol,43763825,0.7166666666666667,FKAA.fpb,C[C@@H](CCC(=O)O)[C@@H]1CC[C@@H]2[C@H]3CC=C4C[C@@H](O)CC[C@]4(C)[C@@H]3CC[C@]12C
25-Hydroxycholesterol,43757761,0.8035714285714286,FKAA.fpb,C[C@@H](CCCO)[C@@H]1CC[C@@H]2[C@H]3CC=C4C[C@@H](O)CC[C@]4(C)[C@@H]3CC[C@]12C
25-Hydroxycholesterol,33820876,0.7166666666666667,FKAA.fpb,C[C@@H](CCC(=O)O)[C@H]1CC[C@H]2[C@@H]3CC=C4C[C@@H](O)CC[C@]4(C)[C@H]3CC[C@@]21C
25-Hydroxycholesterol,2116338,0.7166666666666667,FKAA.fpb,C[C@H](CCC(=O)O)[C@@H]1CC[C@H]2[C@@H]3CC=C4C[C@@H](O)CC[C@]4(C)[C@H]3CC[C@@]21C
25-Hydroxycholesterol,257350602,0.8035714285714286,FKAA.fpb,C[C@H](CCCO)[C@@H]1CC[C@@H]2[C@H]3CC=C4C[C@@H](O)CC[C@]4(C)[C@@H]3CC[C@]12C
digoxin,253505060,0.8461538461538461,KFAA.fpb,CC(=O)O[C@H]1C[C@H](O[C@@H]2[C@@H](O)C[C@H](O[C@@H]3[C@@H](O)C[C@H](O[C@@H]4CC[C@]5(C)[C@H]6C[C@@H](O)[C@]7(C)[C@H](C8=CC(=O)OC8)CC[C@]7(O)[C@@H]6CC[C@@H]5C4)O[C@@H]3C)O[C@@H]2C)O[C@H](C)[C@H]1O
digoxin,253505056,0.8461538461538461,KFAA.fpb,CC(=O)O[C@H]1C[C@H](O[C@@H]2[C@@H](O)C[C@H](O[C@@H]3[C@@H](O)C[C@H](O[C@@H]4CC[C@]5(C)[C@H]6C[C@H](O)[C@]7(C)[C@H](C8=CC(=O)OC8)CC[C@@]7(O)[C@@H]6CC[C@@H]5C4)O[C@@H]3C)O[C@@H]2C)O[C@H](C)[C@H]1O
digoxin,253505063,0.8461538461538461,KFAA.fpb,CC(=O)O[C@H]1C[C@H](O[C@@H]2[C@@H](O)C[C@H](O[C@@H]3[C@@H](O)C[C@H](O[C@@H]4CC[C@]5(C)[C@H]6C[C@H](O)[C@]7(C)[C@H](C8=CC(=O)OC8)CC[C@]7(O)[C@@H]6CC[C@@H]5C4)O[C@@H]3C)O[C@@H]2C)O[C@H](C)[C@H]1O
digoxin,253505065,0.8461538461538461,KFAA.fpb,CC(=O)O[C@H]1C[C@H](O[C@@H]2[C@@H](O)C[C@H](O[C@@H]3[C@@H](O)C[C@H](O[C@@H]4CC[C@]5(C)[C@H]6C[C@@H](O)[C@]7(C)[C@H](C8=CC(=O)OC8)CC[C@@]7(O)[C@@H]6CC[C@@H]5C4)O[C@@H]3C)O[C@@H]2C)O[C@H](C)[C@H]1O
22R-hydroxycholesterol,83293769,0.7358490566037735,DIAB.fpb,C[C@@H](O)[C@H]1CC[C@H]2[C@@H]3CC=C4C[C@H](O)CC[C@]4(C)[C@H]3CC[C@@]21C
22R-hydroxycholesterol,6030248,0.7358490566037735,DIAB.fpb,C[C@H](O)[C@H]1CC[C@H]2[C@@H]3CC=C4C[C@@H](O)CC[C@]4(C)[C@H]3CC[C@]12C
22R-hydroxycholesterol,6037028,0.7358490566037735,DIAB.fpb,C[C@@H](O)[C@H]1CC[C@H]2[C@@H]3CC=C4C[C@@H](O)CC[C@]4(C)[C@H]3CC[C@@]21C
22R-hydroxycholesterol,83293768,0.7358490566037735,DIAB.fpb,C[C@H](O)[C@H]1CC[C@H]2[C@@H]3CC=C4C[C@H](O)CC[C@]4(C)[C@H]3CC[C@]12C
digoxin,238809171,0.7341772151898734,JEAA.fpb,C[C@H]1O[C@@H](O[C@H]2[C@@H](O)C[C@H](O[C@H]3[C@@H](O)C[C@H](O[C@H]4CC[C@]5(C)[C@H]6CC[C@]7(C)[C@@H](C8=CC(=O)OC8)[C@@H](O)C[C@]7(O)[C@@H]6CC[C@@H]5C4)O[C@@H]3C)O[C@@H]2C)C[C@H](O)[C@@H]1O
digoxin,263583685,0.7222222222222222,KDAB.fpb,CC(=O)O[C@H]1C[C@H](O[C@H]2[C@@H](O)C[C@H](O[C@H]3[C@@H](O)C[C@H](O[C@H]4CC[C@]5(C)[C@H]6C[C@@H](O)[C@]7(C)[C@@H](C8=CC(=O)OC8)CC[C@]7(O)[C@@H]6CC[C@@H]5C4)O[C@@H]3C)O[C@@H]2C)O[C@H](C)[C@H]1O[C@@H]1C[C@H](CO)[C@@H](O)[C@H](O)[C@H]1O
digoxin,263583686,0.7222222222222222,KDAB.fpb,CC(=O)O[C@H]1C[C@H](O[C@H]2[C@@H](O)C[C@H](O[C@H]3[C@@H](O)C[C@@H](O[C@H]4CC[C@]5(C)[C@H]6C[C@@H](O)[C@]7(C)[C@@H](C8=CC(=O)OC8)CC[C@]7(O)[C@@H]6CC[C@@H]5C4)O[C@@H]3C)O[C@@H]2C)O[C@H](C)[C@H]1O[C@@H]1C[C@H](CO)[C@@H](O)[C@H](O)[C@H]1O
digoxin,253636110,0.7142857142857143,KCAB.fpb,CC(=O)O[C@H]1C[C@@H](O[C@@H]2[C@@H](O)C[C@@H](O[C@@H]3[C@@H](O)C[C@@H](O[C@H]4CC[C@]5(C)[C@@H](CC[C@H]6[C@H]5C[C@H](O)[C@@]5(C)[C@H](C7=CC(=O)OC7)CC[C@]65O)C4)O[C@@H]3C)O[C@@H]2C)O[C@H](C)[C@@H]1O[C@H]1O[C@@H](CO)[C@H](O)[C@@H](O)[C@@H]1O
digoxin,2061000222,0.7142857142857143,KCAB.fpb,CC(=O)O[C@H]1C[C@@H](O[C@@H]2[C@H](O)C[C@H](O[C@@H]3[C@H](O)C[C@H](O[C@@H]4CC[C@@]5(C)[C@@H](CC[C@@H]6[C@@H]5C[C@@H](O)[C@]5(C)[C@H](C7=CC(=O)OC7)CC[C@]65O)C4)O[C@@H]3C)O[C@@H]2C)O[C@@H](C)[C@H]1O[C@H]1O[C@@H](CO)[C@@H](O)[C@@H](O)[C@H]1O
digoxin,257198817,0.7142857142857143,KCAB.fpb,CC(=O)O[C@H]1C[C@H](O[C@@H]2[C@@H](O)C[C@H](O[C@@H]3[C@@H](O)C[C@@H](O[C@H]4CC[C@@]5(C)[C@@H](CC[C@@H]6[C@H]5C[C@@H](O)[C@]5(C)[C@@H](C7=CC(=O)OC7)CC[C@]65O)C4)O[C@@H]3C)O[C@@H]2C)O[C@H](C)[C@H]1O[C@H]1O[C@H](CO)[C@@H](O)[C@H](O)[C@H]1O
digoxin,253636103,0.7142857142857143,KCAB.fpb,CC(=O)O[C@H]1C[C@@H](O[C@@H]2[C@@H](O)C[C@@H](O[C@@H]3[C@@H](O)C[C@@H](O[C@H]4CC[C@]5(C)[C@@H](CC[C@H]6[C@H]5C[C@H](O)[C@]5(C)[C@H](C7=CC(=O)OC7)CC[C@]65O)C4)O[C@@H]3C)O[C@@H]2C)O[C@H](C)[C@@H]1O[C@H]1O[C@@H](CO)[C@H](O)[C@@H](O)[C@@H]1O
digoxin,253636100,0.7142857142857143,KCAB.fpb,CC(=O)O[C@H]1C[C@@H](O[C@@H]2[C@@H](O)C[C@@H](O[C@@H]3[C@@H](O)C[C@@H](O[C@H]4CC[C@]5(C)[C@@H](CC[C@H]6[C@H]5C[C@@H](O)[C@]5(C)[C@H](C7=CC(=O)OC7)CC[C@]65O)C4)O[C@@H]3C)O[C@@H]2C)O[C@H](C)[C@@H]1O[C@H]1O[C@@H](CO)[C@H](O)[C@@H](O)[C@@H]1O
digoxin,257499743,0.8024691358024691,KCAB.fpb,C[C@H]1O[C@@H](O[C@H]2CC[C@]3(C)[C@@H](CC[C@H]4[C@H]3C[C@H](O)[C@@]3(C)[C@H](C5=CC(=O)OC5)CC[C@]43O)C2)C[C@H](O)[C@@H]1O[C@@H]1C[C@H](O)[C@@H](O[C@@H]2C[C@H](O)[C@@H](O[C@H]3O[C@@H](CO)[C@H](O)[C@@H](O)[C@@H]3O)[C@@H](C)O2)[C@@H](C)O1
digoxin,1857536697,0.7142857142857143,KCAB.fpb,CC(=O)O[C@H]1C[C@@H](O[C@@H]2[C@@H](O)C[C@@H](O[C@@H]3[C@@H](O)C[C@@H](O[C@H]4CC[C@]5(C)[C@@H](CC[C@@H]6[C@@H]5C[C@@H](O)[C@]5(C)[C@@H](C7=CC(=O)OC7)CC[C@@]65O)C4)O[C@@H]3C)O[C@@H]2C)O[C@H](C)[C@@H]1O[C@H]1O[C@H](CO)[C@H](O)[C@@H](O)[C@@H]1O
digoxin,1857536698,0.7142857142857143,KCAB.fpb,CC(=O)O[C@H]1C[C@@H](O[C@@H]2[C@@H](O)C[C@@H](O[C@@H]3[C@@H](O)C[C@@H](O[C@H]4CC[C@]5(C)[C@@H](CC[C@@H]6[C@@H]5C[C@@H](O)[C@]5(C)[C@H](C7=CC(=O)OC7)CC[C@@]65O)C4)O[C@@H]3C)O[C@@H]2C)O[C@H](C)[C@@H]1O[C@H]1O[C@H](CO)[C@H](O)[C@@H](O)[C@@H]1O
digoxin,257499742,0.8024691358024691,KCAB.fpb,C[C@H]1O[C@@H](O[C@H]2CC[C@]3(C)[C@@H](CC[C@H]4[C@H]3C[C@H](O)[C@]3(C)[C@H](C5=CC(=O)OC5)CC[C@]43O)C2)C[C@H](O)[C@@H]1O[C@@H]1C[C@H](O)[C@@H](O[C@@H]2C[C@H](O)[C@@H](O[C@H]3O[C@@H](CO)[C@H](O)[C@@H](O)[C@@H]3O)[C@@H](C)O2)[C@@H](C)O1
digoxin,253498663,0.7142857142857143,KCAB.fpb,CC(=O)O[C@H]1C[C@H](O[C@@H]2[C@@H](O)C[C@H](O[C@@H]3[C@@H](O)C[C@H](O[C@H]4CC[C@@]5(C)[C@@H](CC[C@@H]6[C@H]5C[C@@H](O)[C@]5(C)[C@@H](C7=CC(=O)OC7)CC[C@]65O)C4)O[C@@H]3C)O[C@@H]2C)O[C@H](C)[C@@H]1O[C@H]1O[C@H](CO)[C@@H](O)[C@H](O)[C@H]1O
digoxin,2061000224,0.7142857142857143,KCAB.fpb,CC(=O)O[C@H]1C[C@@H](O[C@@H]2[C@H](O)C[C@H](O[C@@H]3[C@H](O)C[C@H](O[C@@H]4CC[C@@]5(C)[C@@H](CC[C@@H]6[C@@H]5C[C@@H](O)[C@]5(C)[C@@H](C7=CC(=O)OC7)CC[C@@]65O)C4)O[C@@H]3C)O[C@@H]2C)O[C@@H](C)[C@H]1O[C@H]1O[C@@H](CO)[C@@H](O)[C@@H](O)[C@H]1O
digoxin,253498664,0.7142857142857143,KCAB.fpb,CC(=O)O[C@H]1C[C@H](O[C@@H]2[C@@H](O)C[C@H](O[C@@H]3[C@@H](O)C[C@H](O[C@H]4CC[C@@]5(C)[C@@H](CC[C@@H]6[C@H]5C[C@@H](O)[C@]5(C)[C@@H](C7=CC(=O)OC7)CC[C@]65O)C4)O[C@@H]3C)O[C@@H]2C)O[C@H](C)[C@@H]1O[C@@H]1O[C@H](CO)[C@@H](O)[C@H](O)[C@H]1O
digoxin,1857536699,0.7142857142857143,KCAB.fpb,CC(=O)O[C@H]1C[C@@H](O[C@@H]2[C@@H](O)C[C@@H](O[C@@H]3[C@@H](O)C[C@@H](O[C@H]4CC[C@]5(C)[C@@H](CC[C@@H]6[C@@H]5C[C@@H](O)[C@@]5(C)[C@@H](C7=CC(=O)OC7)CC[C@@]65O)C4)O[C@@H]3C)O[C@@H]2C)O[C@H](C)[C@@H]1O[C@H]1O[C@H](CO)[C@H](O)[C@@H](O)[C@@H]1O
digoxin,253498662,0.7142857142857143,KCAB.fpb,CC(=O)O[C@H]1C[C@H](O[C@@H]2[C@@H](O)C[C@H](O[C@@H]3[C@@H](O)C[C@H](O[C@H]4CC[C@@]5(C)[C@@H](CC[C@@H]6[C@H]5C[C@@H](O)[C@]5(C)[C@@H](C7=CC(=O)OC7)CC[C@]65O)C4)O[C@@H]3C)O[C@@H]2C)O[C@H](C)[C@H]1O[C@@H]1O[C@H](CO)[C@@H](O)[C@H](O)[C@H]1O
digoxin,2061000223,0.7142857142857143,KCAB.fpb,CC(=O)O[C@H]1C[C@@H](O[C@@H]2[C@H](O)C[C@H](O[C@@H]3[C@H](O)C[C@H](O[C@@H]4CC[C@@]5(C)[C@@H](CC[C@@H]6[C@@H]5C[C@@H](O)[C@]5(C)[C@@H](C7=CC(=O)OC7)CC[C@]65O)C4)O[C@@H]3C)O[C@@H]2C)O[C@@H](C)[C@H]1O[C@H]1O[C@@H](CO)[C@@H](O)[C@@H](O)[C@H]1O
digoxin,253498731,0.8024691358024691,KCAB.fpb,C[C@H]1O[C@@H](O[C@H]2[C@@H](O)C[C@@H](O[C@@H]3[C@@H](O)C[C@H](O[C@H]4CC[C@@]5(C)[C@@H](CC[C@@H]6[C@H]5C[C@@H](O)[C@]5(C)[C@@H](C7=CC(=O)OC7)CC[C@]65O)C4)O[C@@H]3C)O[C@@H]2C)C[C@H](O)[C@@H]1O[C@@H]1O[C@H](CO)[C@@H](O)[C@H](O)[C@H]1O
digoxin,2061000221,0.7142857142857143,KCAB.fpb,CC(=O)O[C@H]1C[C@@H](O[C@@H]2[C@H](O)C[C@H](O[C@@H]3[C@H](O)C[C@H](O[C@@H]4CC[C@@]5(C)[C@@H](CC[C@@H]6[C@@H]5C[C@@H](O)[C@]5(C)[C@H](C7=CC(=O)OC7)CC[C@@]65O)C4)O[C@@H]3C)O[C@@H]2C)O[C@@H](C)[C@H]1O[C@H]1O[C@@H](CO)[C@@H](O)[C@@H](O)[C@H]1O
digoxin,253498729,0.8024691358024691,KCAB.fpb,C[C@H]1O[C@H](O[C@@H]2[C@@H](O)C[C@H](O[C@H]3CC[C@@]4(C)[C@@H](CC[C@@H]5[C@H]4C[C@@H](O)[C@]4(C)[C@@H](C6=CC(=O)OC6)CC[C@]54O)C3)O[C@@H]2C)C[C@H](O)[C@@H]1O[C@H]1C[C@H](O)[C@@H](O[C@@H]2O[C@H](CO)[C@@H](O)[C@H](O)[C@H]2O)[C@@H](C)O1
digoxin,253636107,0.7142857142857143,KCAB.fpb,CC(=O)O[C@H]1C[C@@H](O[C@@H]2[C@@H](O)C[C@@H](O[C@@H]3[C@@H](O)C[C@@H](O[C@H]4CC[C@]5(C)[C@@H](CC[C@H]6[C@H]5C[C@@H](O)[C@@]5(C)[C@H](C7=CC(=O)OC7)CC[C@]65O)C4)O[C@@H]3C)O[C@@H]2C)O[C@H](C)[C@@H]1O[C@H]1O[C@@H](CO)[C@H](O)[C@@H](O)[C@@H]1O
digoxin,257198814,0.7142857142857143,KCAB.fpb,CC(=O)O[C@H]1C[C@H](O[C@@H]2[C@@H](O)C[C@H](O[C@@H]3[C@@H](O)C[C@@H](O[C@H]4CC[C@@]5(C)[C@@H](CC[C@@H]6[C@H]5C[C@@H](O)[C@]5(C)[C@@H](C7=CC(=O)OC7)CC[C@]65O)C4)O[C@@H]3C)O[C@@H]2C)O[C@H](C)[C@@H]1O[C@@H]1O[C@H](CO)[C@@H](O)[C@H](O)[C@H]1O
digoxin,257198815,0.7142857142857143,KCAB.fpb,CC(=O)O[C@H]1C[C@H](O[C@@H]2[C@@H](O)C[C@H](O[C@@H]3[C@@H](O)C[C@@H](O[C@H]4CC[C@@]5(C)[C@@H](CC[C@@H]6[C@H]5C[C@@H](O)[C@]5(C)[C@@H](C7=CC(=O)OC7)CC[C@]65O)C4)O[C@@H]3C)O[C@@H]2C)O[C@H](C)[C@H]1O[C@@H]1O[C@H](CO)[C@@H](O)[C@H](O)[C@H]1O
digoxin,257499741,0.8024691358024691,KCAB.fpb,C[C@H]1O[C@@H](O[C@H]2CC[C@]3(C)[C@@H](CC[C@H]4[C@H]3C[C@@H](O)[C@]3(C)[C@H](C5=CC(=O)OC5)CC[C@]43O)C2)C[C@H](O)[C@@H]1O[C@@H]1C[C@H](O)[C@@H](O[C@@H]2C[C@H](O)[C@@H](O[C@H]3O[C@@H](CO)[C@H](O)[C@@H](O)[C@@H]3O)[C@@H](C)O2)[C@@H](C)O1
digoxin,253498661,0.7142857142857143,KCAB.fpb,CC(=O)O[C@H]1C[C@H](O[C@@H]2[C@@H](O)C[C@H](O[C@@H]3[C@@H](O)C[C@H](O[C@H]4CC[C@@]5(C)[C@@H](CC[C@@H]6[C@H]5C[C@@H](O)[C@]5(C)[C@@H](C7=CC(=O)OC7)CC[C@]65O)C4)O[C@@H]3C)O[C@@H]2C)O[C@H](C)[C@H]1O[C@H]1O[C@H](CO)[C@@H](O)[C@H](O)[C@H]1O
digoxin,1857536700,0.7142857142857143,KCAB.fpb,CC(=O)O[C@H]1C[C@@H](O[C@@H]2[C@@H](O)C[C@@H](O[C@@H]3[C@@H](O)C[C@@H](O[C@H]4CC[C@]5(C)[C@@H](CC[C@@H]6[C@@H]5C[C@@H](O)[C@@]5(C)[C@H](C7=CC(=O)OC7)CC[C@@]65O)C4)O[C@@H]3C)O[C@@H]2C)O[C@H](C)[C@@H]1O[C@H]1O[C@H](CO)[C@H](O)[C@@H](O)[C@@H]1O
digoxin,257499740,0.8024691358024691,KCAB.fpb,C[C@H]1O[C@@H](O[C@H]2CC[C@]3(C)[C@@H](CC[C@H]4[C@H]3C[C@@H](O)[C@@]3(C)[C@H](C5=CC(=O)OC5)CC[C@]43O)C2)C[C@H](O)[C@@H]1O[C@@H]1C[C@H](O)[C@@H](O[C@@H]2C[C@H](O)[C@@H](O[C@H]3O[C@@H](CO)[C@H](O)[C@@H](O)[C@@H]3O)[C@@H](C)O2)[C@@H](C)O1
digoxin,257198816,0.7142857142857143,KCAB.fpb,CC(=O)O[C@H]1C[C@H](O[C@@H]2[C@@H](O)C[C@H](O[C@@H]3[C@@H](O)C[C@@H](O[C@H]4CC[C@@]5(C)[C@@H](CC[C@@H]6[C@H]5C[C@@H](O)[C@]5(C)[C@@H](C7=CC(=O)OC7)CC[C@]65O)C4)O[C@@H]3C)O[C@@H]2C)O[C@H](C)[C@@H]1O[C@H]1O[C@H](CO)[C@@H](O)[C@H](O)[C@H]1O
digoxin,253498732,0.8024691358024691,KCAB.fpb,C[C@H]1O[C@H](O[C@@H]2[C@@H](O)C[C@H](O[C@H]3CC[C@@]4(C)[C@@H](CC[C@@H]5[C@H]4C[C@@H](O)[C@]4(C)[C@@H](C6=CC(=O)OC6)CC[C@]54O)C3)O[C@@H]2C)C[C@H](O)[C@@H]1O[C@@H]1C[C@H](O)[C@@H](O[C@@H]2O[C@H](CO)[C@@H](O)[C@H](O)[C@H]2O)[C@@H](C)O1
digoxin,253498730,0.8024691358024691,KCAB.fpb,C[C@H]1O[C@H](O[C@H]2[C@@H](O)C[C@@H](O[C@@H]3[C@@H](O)C[C@H](O[C@H]4CC[C@@]5(C)[C@@H](CC[C@@H]6[C@H]5C[C@@H](O)[C@]5(C)[C@@H](C7=CC(=O)OC7)CC[C@]65O)C4)O[C@@H]3C)O[C@@H]2C)C[C@H](O)[C@@H]1O[C@@H]1O[C@H](CO)[C@@H](O)[C@H](O)[C@H]1O
22R-hydroxycholesterol,725236926,0.7543859649122807,HKAB.fpb,CC(C)[C@@H](O)CC[C@H](C)[C@@H]1CC[C@@H]2[C@H]3CC=C4C[C@H](O)CC[C@@]4(C)[C@@H]3CC[C@@]12C
22R-hydroxycholesterol,34983865,0.7543859649122807,HKAB.fpb,CC(C)[C@@H](O)CC[C@@H](C)[C@H]1CC[C@H]2[C@@H]3CC=C4C[C@H](O)CC[C@]4(C)[C@H]3CC[C@@]21C
22R-hydroxycholesterol,725236927,0.7543859649122807,HKAB.fpb,CC(C)[C@H](O)CC[C@H](C)[C@@H]1CC[C@@H]2[C@H]3CC=C4C[C@H](O)CC[C@@]4(C)[C@@H]3CC[C@@]12C
25-Hydroxycholesterol,306121760,0.7049180327868853,HKAB.fpb,CC[C@H](CC[C@H](C)[C@@H]1CC[C@H]2[C@@H]3CC=C4C[C@@H](O)CC[C@]4(C)[C@H]3CC[C@]12C)C(C)C
25-Hydroxycholesterol,253529972,0.7049180327868853,HKAB.fpb,CC[C@@H](CC[C@@H](C)[C@@H]1CC[C@@H]2[C@H]3CC=C4C[C@@H](O)CC[C@]4(C)[C@@H]3CC[C@]12C)C(C)C
25-Hydroxycholesterol,1529278,0.7049180327868853,HKAB.fpb,CC[C@H](CC[C@@H](C)[C@@H]1CC[C@H]2[C@@H]3CC=C4C[C@H](O)CC[C@]4(C)[C@H]3CC[C@@]21C)C(C)C
25-Hydroxycholesterol,725236926,0.7288135593220338,HKAB.fpb,CC(C)[C@@H](O)CC[C@H](C)[C@@H]1CC[C@@H]2[C@H]3CC=C4C[C@H](O)CC[C@@]4(C)[C@@H]3CC[C@@]12C
25-Hydroxycholesterol,5651457,0.7049180327868853,HKAB.fpb,CC[C@H](CC[C@@H](C)[C@H]1CC[C@H]2[C@@H]3CC=C4C[C@H](O)CC[C@]4(C)[C@H]3CC[C@@]21C)C(C)C
25-Hydroxycholesterol,2077732,0.7049180327868853,HKAB.fpb,CC[C@@H](CC[C@@H](C)[C@@H]1CC[C@H]2[C@@H]3CC=C4C[C@@H](O)CC[C@]4(C)[C@H]3CC[C@@]21C)C(C)C
25-Hydroxycholesterol,64219058,0.7049180327868853,HKAB.fpb,C/C=C(/CC[C@H](C)[C@H]1CC[C@H]2[C@@H]3CC=C4C[C@@H](O)CC[C@]4(C)[C@H]3CC[C@@]21C)C(C)C
25-Hydroxycholesterol,6920438,0.7413793103448276,HKAB.fpb,CC(C)[C@@H](C)CC[C@@H](C)[C@@H]1CC[C@H]2[C@@H]3CC=C4C[C@@H](O)CC[C@]4(C)[C@H]3CC[C@@]21C
25-Hydroxycholesterol,255264442,0.7413793103448276,HKAB.fpb,CC(C)[C@H](C)CC[C@@H](C)[C@@H]1CC[C@H]2[C@@H]3CC=C4C[C@@H](O)CC[C@]4(C)[C@H]3CC[C@@]21C
25-Hydroxycholesterol,1857513905,0.7049180327868853,HKAB.fpb,CC[C@@H](CC[C@H](C)[C@@H]1CC[C@H]2[C@@H]3CC=C4C[C@@H](O)CC[C@]4(C)[C@H]3CC[C@]12C)C(C)C
25-Hydroxycholesterol,253529971,0.7049180327868853,HKAB.fpb,CC[C@@H](CC[C@H](C)[C@@H]1CC[C@@H]2[C@H]3CC=C4C[C@@H](O)CC[C@]4(C)[C@@H]3CC[C@]12C)C(C)C
25-Hydroxycholesterol,248256706,0.7049180327868853,HKAB.fpb,CC[C@H](CC[C@H](C)[C@@H]1CC[C@@H]2[C@H]3CC=C4C[C@@H](O)CC[C@]4(C)[C@@H]3CC[C@]12C)C(C)C
25-Hydroxycholesterol,2060999594,0.7049180327868853,HKAB.fpb,C/C=C(/CC[C@H](C)[C@@H]1CC[C@@H]2[C@H]3CC=C4C[C@H](O)CC[C@@]4(C)[C@@H]3CC[C@@]12C)C(C)C
25-Hydroxycholesterol,5651129,0.7049180327868853,HKAB.fpb,CC[C@@H](CC[C@H](C)[C@H]1CC[C@H]2[C@@H]3CC=C4C[C@@H](O)CC[C@]4(C)[C@H]3CC[C@@]21C)C(C)C
25-Hydroxycholesterol,34983865,0.7288135593220338,HKAB.fpb,CC(C)[C@@H](O)CC[C@@H](C)[C@H]1CC[C@H]2[C@@H]3CC=C4C[C@H](O)CC[C@]4(C)[C@H]3CC[C@@]21C
25-Hydroxycholesterol,1529050278,0.7049180327868853,HKAB.fpb,C[C@@H](CCCC(C)(C)O)[C@@H]1CC[C@@H]2[C@H]3[C@@H](O)C=C4C[C@H](O)CC[C@@]4(C)[C@@H]3CC[C@@]12C
25-Hydroxycholesterol,86860112,0.7413793103448276,HKAB.fpb,CC(C)[C@@H](C)CC[C@H](C)[C@@H]1CC[C@H]2[C@@H]3CC=C4C[C@@H](O)CC[C@]4(C)[C@H]3CC[C@]12C
25-Hydroxycholesterol,118915351,0.7049180327868853,HKAB.fpb,C/C=C(\CC[C@H](C)[C@H]1CC[C@H]2[C@@H]3CC=C4C[C@H](O)CC[C@]4(C)[C@H]3CC[C@@]21C)C(C)C
25-Hydroxycholesterol,1078018290,0.7627118644067796,HKAB.fpb,C[C@@H](CCC[C@@H](C)CO)[C@@H]1CC[C@@H]2[C@H]3CC=C4C[C@H](O)CC[C@@]4(C)[C@@H]3CC[C@@]12C
25-Hydroxycholesterol,253476141,0.7049180327868853,HKAB.fpb,C[C@H](CCCC(C)(C)O)[C@H]1CC[C@H]2[C@H]3[C@H](O)C=C4C[C@@H](O)CC[C@@]4(C)[C@H]3CC[C@]21C
25-Hydroxycholesterol,725236927,0.7288135593220338,HKAB.fpb,CC(C)[C@H](O)CC[C@H](C)[C@@H]1CC[C@@H]2[C@H]3CC=C4C[C@H](O)CC[C@@]4(C)[C@@H]3CC[C@@]12C
25-Hydroxycholesterol,118915350,0.7049180327868853,HKAB.fpb,C/C=C(\CC[C@@H](C)[C@H]1CC[C@H]2[C@@H]3CC=C4C[C@H](O)CC[C@]4(C)[C@H]3CC[C@@]21C)C(C)C
25-Hydroxycholesterol,38192021,0.7049180327868853,HKAB.fpb,CC[C@H](CC[C@H](C)[C@H]1CC[C@H]2[C@@H]3CC=C4C[C@@H](O)CC[C@]4(C)[C@H]3CC[C@@]21C)C(C)C
25-Hydroxycholesterol,59065274,0.7049180327868853,HKAB.fpb,CC[C@H](CC[C@@H](C)[C@@H]1CC[C@@H]2[C@H]3CC=C4C[C@@H](O)CC[C@]4(C)[C@@H]3CC[C@]12C)C(C)C
25-Hydroxycholesterol,4536083,0.7413793103448276,HKAB.fpb,CC(C)[C@@H](C)CC[C@H](C)[C@@H]1CC[C@@H]2[C@H]3CC=C4C[C@H](O)CC[C@@]4(C)[C@@H]3CC[C@@]12C
25-Hydroxycholesterol,725236950,0.7627118644067796,HKAB.fpb,C[C@H](CO)CCC[C@H](C)[C@@H]1CC[C@@H]2[C@H]3CC=C4C[C@H](O)CC[C@@]4(C)[C@@H]3CC[C@@]12C
25-Hydroxycholesterol,118915349,0.7049180327868853,HKAB.fpb,C/C=C(\CC[C@H](C)[C@H]1CC[C@H]2[C@@H]3CC=C4C[C@@H](O)CC[C@]4(C)[C@H]3CC[C@@]21C)C(C)C
25-Hydroxycholesterol,33820603,0.7049180327868853,HKAB.fpb,C/C=C(/CC[C@@H](C)[C@H]1CC[C@H]2[C@@H]3CC=C4C[C@H](O)CC[C@]4(C)[C@H]3CC[C@@]21C)C(C)C
22R-hydroxycholesterol,36323242,0.7358490566037735,DIAA.fpb,C[C@@H](O)[C@@H]1CC[C@@H]2[C@H]3CC=C4C[C@@H](O)CC[C@]4(C)[C@@H]3CC[C@]12C
22R-hydroxycholesterol,253611286,0.7358490566037735,DIAA.fpb,C[C@@H](O)[C@@H]1CC[C@@H]2[C@H]3CC=C4C[C@@H](O)CC[C@]4(C)[C@@H]3CC[C@@]12C
22R-hydroxycholesterol,253611289,0.7358490566037735,DIAA.fpb,C[C@H](O)[C@@H]1CC[C@@H]2[C@H]3CC=C4C[C@@H](O)CC[C@]4(C)[C@@H]3CC[C@@]12C
22R-hydroxycholesterol,248380422,0.7358490566037735,DIAA.fpb,C[C@H](O)[C@@H]1CC[C@@H]2[C@H]3CC=C4C[C@@H](O)CC[C@]4(C)[C@@H]3CC[C@]12C
ursolic acid,253589779,0.7166666666666667,JKAA.fpb,C[C@@H]1CC[C@]2(C(=O)O)CC[C@]3(C)C(=CC[C@@H]4[C@]5(C)CCC(=O)C(C)(C)[C@@H]5CC[C@@]43C)[C@@H]2[C@@H]1C
ursolic acid,31440820,0.7288135593220338,JKAA.fpb,C[C@@H]1CC[C@]2(C(=O)O)CC[C@]3(C)C(=CC[C@@H]4[C@@]5(C)CC[C@H](O)C(C)(C)[C@H]5CC[C@]43C)[C@H]2[C@]1(C)O
ursolic acid,13558221,0.7166666666666667,JKAA.fpb,C[C@@H]1[C@H]2C3=CC[C@@H]4[C@@]5(C)CCC(=O)C(C)(C)[C@@H]5CC[C@@]4(C)[C@]3(C)CC[C@@]2(C(=O)O)CC[C@H]1C
ursolic acid,14980289,0.7758620689655172,JKAA.fpb,C[C@@H]1[C@H]2C3=CC[C@@H]4[C@@]5(C)C[C@@H](O)[C@@H](O)C(C)(C)[C@@H]5CC[C@@]4(C)[C@]3(C)CC[C@@]2(C(=O)O)CC[C@H]1C
ursolic acid,8829484,0.7758620689655172,JKAA.fpb,C[C@@H]1[C@H]2C3=CC[C@@H]4[C@@]5(C)C[C@@H](O)[C@H](O)C(C)(C)[C@@H]5CC[C@@]4(C)[C@]3(C)CC[C@@]2(C(=O)O)CC[C@H]1C
ursolic acid,253589780,0.7166666666666667,JKAA.fpb,C[C@H]1[C@H](C)CC[C@]2(C(=O)O)CC[C@]3(C)C(=CC[C@@H]4[C@]5(C)CCC(=O)C(C)(C)[C@@H]5CC[C@@]43C)[C@@H]12
ursolic acid,257646326,0.8103448275862069,JKAA.fpb,COC(=O)[C@]12CC[C@H](C)[C@H](C)[C@@H]1C1=CC[C@@H]3[C@]4(C)CC[C@H](O)C(C)(C)[C@@H]4CC[C@]3(C)[C@@]1(C)CC2
ursolic acid,253589773,0.7166666666666667,JKAA.fpb,C[C@@H]1CC[C@]2(C(=O)O)CC[C@]3(C)C(=CC[C@@H]4[C@]5(C)CCC(=O)C(C)(C)[C@@H]5CC[C@@]43C)[C@H]2[C@@H]1C
ursolic acid,257646327,0.8103448275862069,JKAA.fpb,COC(=O)[C@]12CC[C@H](C)[C@H](C)[C@@H]1C1=CC[C@@H]3[C@]4(C)CC[C@H](O)C(C)(C)[C@@H]4CC[C@@]3(C)[C@@]1(C)CC2
ursolic acid,6003698,0.7288135593220338,JKAA.fpb,C[C@@H]1CC[C@]2(C(=O)O)CC[C@]3(C)C(=CC[C@@H]4[C@@]5(C)CC[C@H](O)C(C)(C)[C@@H]5CC[C@]43C)[C@@H]2[C@]1(C)O
ursolic acid,37538785,0.7288135593220338,JKAA.fpb,C[C@@H]1CC[C@]2(C(=O)O)CC[C@]3(C)C(=CC[C@@H]4[C@@]5(C)CC[C@H](O)C(C)(C)[C@H]5CC[C@]43C)[C@@H]2[C@]1(C)O
ursolic acid,2084072811,0.7166666666666667,JKAA.fpb,C[C@H]1CC[C@@]2(C(=O)O)CC[C@@]3(C)C(=CC[C@H]4[C@]5(C)CCC(=O)C(C)(C)[C@H]5CC[C@@]43C)[C@H]2[C@@H]1C
ursolic acid,38661069,0.8392857142857143,JKAA.fpb,C[C@@H]1[C@H]2C3=CC[C@@H]4[C@@]5(C)CC[C@H](O)C(C)(C)[C@@H]5CC[C@@]4(C)[C@]3(C(=O)O)CC[C@@]2(C(=O)O)CC[C@H]1C
ursolic acid,31440816,0.7288135593220338,JKAA.fpb,C[C@@H]1CC[C@]2(C(=O)O)CC[C@]3(C)C(=CC[C@@H]4[C@@]5(C)CC[C@H](O)C(C)(C)[C@@H]5CC[C@]43C)[C@H]2[C@]1(C)O
ursolic acid,59337582,0.7540983606557377,JKAA.fpb,CC(=O)O[C@H]1CC[C@@]2(C)[C@H](CC[C@]3(C)[C@@H]2CC=C2[C@@H]4[C@@H](C)[C@H](C)CC[C@]4(C(=O)O)CC[C@]23C)C1(C)C
ursolic acid,17434116,0.7540983606557377,JKAA.fpb,CC(=O)O[C@H]1CC[C@@]2(C)[C@@H](CC[C@]3(C)[C@@H]2CC=C2[C@@H]4[C@@H](C)[C@H](C)CC[C@]4(C(=O)O)CC[C@]23C)C1(C)C
ursolic acid,253589776,0.7166666666666667,JKAA.fpb,C[C@@H]1[C@H]2C3=CC[C@@H]4[C@]5(C)CCC(=O)C(C)(C)[C@@H]5CC[C@]4(C)[C@]3(C)CC[C@@]2(C(=O)O)CC[C@H]1C
ursolic acid,257646324,0.8103448275862069,JKAA.fpb,COC(=O)[C@]12CC[C@H](C)[C@H](C)[C@@H]1C1=CC[C@@H]3[C@]4(C)CC[C@H](O)C(C)(C)[C@@H]4CC[C@@]3(C)[C@]1(C)CC2
ursolic acid,257646325,0.8103448275862069,JKAA.fpb,COC(=O)[C@]12CC[C@H](C)[C@H](C)[C@@H]1C1=CC[C@@H]3[C@]4(C)CC[C@H](O)C(C)(C)[C@@H]4CC[C@]3(C)[C@]1(C)CC2
25-Hydroxycholesterol,35872975,0.7230769230769231,JKAA.fpb,C[C@H](CCCC(C)(C)O)[C@H]1CC[C@H]2[C@@H]3CC=C4C[C@@H](OS(=O)(=O)O)CC[C@]4(C)[C@H]3CC[C@@]21C
25-Hydroxycholesterol,253500191,0.746031746031746,JKAA.fpb,C[C@H](CC[C@](C)(O)c1ccccc1)[C@@H]1CC[C@@H]2[C@@H]3CC=C4C[C@H](O)CC[C@]4(C)[C@@H]3CC[C@]12C
25-Hydroxycholesterol,253500193,0.746031746031746,JKAA.fpb,C[C@H](CC[C@](C)(O)c1ccccc1)[C@@H]1CC[C@@H]2[C@@H]3CC=C4C[C@H](O)CC[C@]4(C)[C@H]3CC[C@]12C
25-Hydroxycholesterol,253499543,0.7903225806451613,JKAA.fpb,C[C@H](CCC[C@](C)(O)c1ccccc1)[C@@H]1CC[C@@H]2[C@@H]3CC=C4C[C@@H](O)CC[C@]4(C)[C@H]3CC[C@]12C
25-Hydroxycholesterol,12659697,0.7903225806451613,JKAA.fpb,C[C@H](CCC[C@](C)(O)c1ccccc1)[C@@H]1CC[C@@H]2[C@@H]3CC=C4C[C@@H](O)CC[C@]4(C)[C@@H]3CC[C@]12C
25-Hydroxycholesterol,253499541,0.7903225806451613,JKAA.fpb,C[C@H](CCC[C@](C)(O)c1ccccc1)[C@@H]1CC[C@@H]2[C@H]3CC=C4C[C@@H](O)CC[C@]4(C)[C@H]3CC[C@]12C
25-Hydroxycholesterol,248292505,0.7903225806451613,JKAA.fpb,C[C@H](CCC[C@](C)(O)c1ccccc1)[C@@H]1CC[C@@H]2[C@H]3CC=C4C[C@@H](O)CC[C@]4(C)[C@@H]3CC[C@]12C
25-Hydroxycholesterol,253500192,0.746031746031746,JKAA.fpb,C[C@H](CC[C@](C)(O)c1ccccc1)[C@@H]1CC[C@@H]2[C@@H]3CC=C4C[C@@H](O)CC[C@]4(C)[C@H]3CC[C@]12C
25-Hydroxycholesterol,12653005,0.746031746031746,JKAA.fpb,C[C@H](CC[C@](C)(O)c1ccccc1)[C@@H]1CC[C@@H]2[C@@H]3CC=C4C[C@@H](O)CC[C@]4(C)[C@@H]3CC[C@]12C
25-Hydroxycholesterol,3032620,0.7166666666666667,FKAB.fpb,C[C@H](CCC(=O)O)[C@H]1CC[C@@H]2[C@@H]3CC=C4C[C@H](O)CC[C@]4(C)[C@@H]3CC[C@@]21C
25-Hydroxycholesterol,118912458,0.7166666666666667,FKAB.fpb,C[C@@H](CCC(=O)O)[C@H]1CC[C@H]2[C@@H]3CC=C4C[C@H](O)CC[C@]4(C)[C@H]3CC[C@@]21C
25-Hydroxycholesterol,4026082,0.7166666666666667,FKAB.fpb,C[C@H](CCC(=O)O)[C@H]1CC[C@H]2[C@@H]3CC=C4C[C@H](O)CC[C@]4(C)[C@@H]3CC[C@@]21C
25-Hydroxycholesterol,4026084,0.7166666666666667,FKAB.fpb,C[C@H](CCC(=O)O)[C@H]1CC[C@@H]2[C@@H]3CC=C4C[C@H](O)CC[C@]4(C)[C@H]3CC[C@@]21C
25-Hydroxycholesterol,118926509,0.8035714285714286,FKAB.fpb,C[C@@H](CCCO)[C@H]1CC[C@H]2[C@@H]3CC=C4C[C@@H](O)CC[C@]4(C)[C@H]3CC[C@@]21C
25-Hydroxycholesterol,6036377,0.8035714285714286,FKAB.fpb,C[C@H](CCCO)[C@H]1CC[C@H]2[C@@H]3CC=C4C[C@@H](O)CC[C@]4(C)[C@H]3CC[C@@]21C
25-Hydroxycholesterol,118926514,0.8035714285714286,FKAB.fpb,C[C@@H](CCCO)[C@H]1CC[C@H]2[C@@H]3CC=C4C[C@H](O)CC[C@]4(C)[C@H]3CC[C@@]21C
25-Hydroxycholesterol,4026083,0.7166666666666667,FKAB.fpb,C[C@H](CCC(=O)O)[C@H]1CC[C@H]2[C@@H]3CC=C4C[C@H](O)CC[C@]4(C)[C@H]3CC[C@@]21C
25-Hydroxycholesterol,118926518,0.8035714285714286,FKAB.fpb,C[C@H](CCCO)[C@H]1CC[C@H]2[C@@H]3CC=C4C[C@H](O)CC[C@]4(C)[C@H]3CC[C@@]21C
digoxin,253981615,0.8888888888888888,KFAB.fpb,CO[C@H]1[C@@H](O)C[C@H](O[C@@H]2[C@@H](O)C[C@H](O[C@@H]3[C@@H](O)C[C@H](O[C@@H]4CC[C@]5(C)[C@H]6C[C@H](O)[C@]7(C)[C@H](C8=CC(=O)OC8)CC[C@@]7(O)[C@@H]6CC[C@@H]5C4)O[C@@H]3C)O[C@@H]2C)O[C@@H]1C
digoxin,253981629,0.8888888888888888,KFAB.fpb,CO[C@H]1[C@@H](O)C[C@H](O[C@@H]2[C@@H](O)C[C@H](O[C@@H]3[C@@H](O)C[C@H](O[C@@H]4CC[C@]5(C)[C@H]6C[C@@H](O)[C@]7(C)[C@H](C8=CC(=O)OC8)CC[C@]7(O)[C@@H]6CC[C@@H]5C4)O[C@@H]3C)O[C@@H]2C)O[C@@H]1C
digoxin,257440279,0.8461538461538461,KFAB.fpb,CC(=O)O[C@H]1C[C@@H](O[C@@H]2[C@H](O)C[C@@H](O[C@@H]3[C@H](O)C[C@@H](O[C@H]4CC[C@@]5(C)[C@@H](CC[C@H]6[C@H]5C[C@@H](O)[C@]5(C)[C@H](C7=CC(=O)OC7)CC[C@]65O)C4)O[C@@H]3C)O[C@@H]2C)O[C@H](C)[C@@H]1O
digoxin,257440281,0.8461538461538461,KFAB.fpb,CC(=O)O[C@H]1C[C@@H](O[C@@H]2[C@H](O)C[C@@H](O[C@@H]3[C@H](O)C[C@@H](O[C@H]4CC[C@@]5(C)[C@@H](CC[C@H]6[C@H]5C[C@@H](O)[C@]5(C)[C@H](C7=CC(=O)OC7)CC[C@]65O)C4)O[C@@H]3C)O[C@@H]2C)O[C@@H](C)[C@@H]1O
digoxin,253981636,0.8888888888888888,KFAB.fpb,CO[C@H]1[C@@H](O)C[C@H](O[C@@H]2[C@@H](O)C[C@H](O[C@@H]3[C@@H](O)C[C@H](O[C@@H]4CC[C@]5(C)[C@H]6C[C@@H](O)[C@]7(C)[C@H](C8=CC(=O)OC8)CC[C@@]7(O)[C@@H]6CC[C@@H]5C4)O[C@@H]3C)O[C@@H]2C)O[C@@H]1C
digoxin,254011770,0.8888888888888888,KFAB.fpb,CO[C@H]1[C@@H](O)C[C@H](O[C@H]2[C@@H](O)C[C@H](O[C@H]3[C@@H](O)C[C@H](O[C@H]4CC[C@]5(C)[C@H]6C[C@@H](O)[C@]7(C)[C@@H](C8=CC(=O)OC8)CC[C@]7(O)[C@@H]6CC[C@@H]5C4)O[C@@H]3C)O[C@@H]2C)O[C@@H]1C
digoxin,257440278,0.8461538461538461,KFAB.fpb,CC(=O)O[C@H]1C[C@@H](O[C@@H]2[C@H](O)C[C@@H](O[C@@H]3[C@H](O)C[C@@H](O[C@H]4CC[C@@]5(C)[C@@H](CC[C@H]6[C@H]5C[C@@H](O)[C@]5(C)[C@H](C7=CC(=O)OC7)CC[C@]65O)C4)O[C@@H]3C)O[C@@H]2C)O[C@H](C)[C@H]1O
digoxin,245253865,0.8461538461538461,KFAB.fpb,CC(=O)O[C@H]1C[C@H](O[C@H]2[C@@H](O)C[C@H](O[C@H]3[C@@H](O)C[C@H](O[C@H]4CC[C@]5(C)[C@H]6C[C@@H](O)[C@]7(C)[C@@H](C8=CC(=O)OC8)CC[C@]7(O)[C@@H]6CC[C@@H]5C4)O[C@@H]3C)O[C@@H]2C)O[C@H](C)[C@H]1O
digoxin,255248267,0.8533333333333334,KFAB.fpb,CC(=O)O[C@H]1[C@@H](O)C[C@H](O[C@H]2[C@@H](O)C[C@H](O[C@H]3[C@@H](O)C[C@H](O[C@H]4CC[C@]5(C)[C@H]6C[C@@H](O)[C@]7(C)[C@@H](C8=CC(=O)OC8)CC[C@]7(O)[C@@H]6CC[C@@H]5C4)O[C@@H]3C)O[C@@H]2C)O[C@@H]1C
digoxin,257440280,0.8461538461538461,KFAB.fpb,CC(=O)O[C@H]1C[C@@H](O[C@@H]2[C@H](O)C[C@@H](O[C@@H]3[C@H](O)C[C@@H](O[C@H]4CC[C@@]5(C)[C@@H](CC[C@H]6[C@H]5C[C@@H](O)[C@]5(C)[C@H](C7=CC(=O)OC7)CC[C@]65O)C4)O[C@@H]3C)O[C@@H]2C)O[C@@H](C)[C@H]1O
digoxin,253981623,0.8888888888888888,KFAB.fpb,CO[C@H]1[C@@H](O)C[C@H](O[C@@H]2[C@@H](O)C[C@H](O[C@@H]3[C@@H](O)C[C@H](O[C@@H]4CC[C@]5(C)[C@H]6C[C@H](O)[C@]7(C)[C@H](C8=CC(=O)OC8)CC[C@]7(O)[C@@H]6CC[C@@H]5C4)O[C@@H]3C)O[C@@H]2C)O[C@@H]1C
22R-hydroxycholesterol,2265352087,0.7358490566037735,DIAC.fpb,C[C@H](O)[C@@H]1CC[C@@H]2[C@@H]3CC=C4C[C@H](O)CC[C@]4(C)[C@H]3CC[C@]12C
22R-hydroxycholesterol,2265352085,0.7358490566037735,DIAC.fpb,C[C@H](O)[C@@H]1CC[C@@H]2[C@@H]3CC=C4C[C@H](O)CC[C@]4(C)[C@@H]3CC[C@]12C
22R-hydroxycholesterol,253647161,0.7358490566037735,DIAC.fpb,C[C@H](O)[C@@H]1CC[C@@H]2[C@@H]3CC=C4C[C@@H](O)CC[C@]4(C)[C@H]3CC[C@]12C
22R-hydroxycholesterol,2265352086,0.7358490566037735,DIAC.fpb,C[C@H](O)[C@H]1CC[C@@H]2[C@@H]3CC=C4C[C@H](O)CC[C@]4(C)[C@@H]3CC[C@]12C
22R-hydroxycholesterol,2265352084,0.7358490566037735,DIAC.fpb,C[C@H](O)[C@H]1CC[C@@H]2[C@@H]3CC=C4C[C@H](O)CC[C@]4(C)[C@H]3CC[C@]12C
